,title,link,date,news
0,[FOOD & STORY] 대체식품 이슈 트렌드,http://www.aflnews.co.kr/news/articleView.html?idxno=91860,2021.04.09,"['\n  “신용사업과 경제사업이 균형을 맞춰 함께 발전할 수 있도록 농협중앙회에서 30여년 동안 쌓은 업무경험과 노하우를 바탕으로 최선을 다하겠습니다. 특히 조합원에게 실익을 주고 꿈과 희망이 넘치는 협동조합을 만들어 조합원들의 기대에 부흥할 수 있도록 경영합리화를 통한 수익실현과 성과중심의 조직문화정착으로 미래 성장기반을 구축하는 데 총력을 경주하겠습니다.”   이성식 신임 부산축협 상임이사<사진>는 이 같은 취임 소감과 함께 조합원에게 실익이 될 수 있는 사업을 적극 발굴, 안정적인 양축경영을 지원해 나가겠다고 밝혔다.   이 상임이사는 또 “공격적인 신용사업을 통해 전국 최고 수준의 협동조합을 만들도록 노력하겠다”면서 “조합이 안정적으로 발전하기 위해서는 전체 구성원들의 화합과 사업 이용이 중요하다”고 강조했다.   이 상임이사는 동아대 영문과를 졸업했으며 농협사료 지사장, 지점장 등을 두루 거치는 동안 최고의 농협맨으로 평가받았다. 농협활동과 농협발전에 기여한 공을 인정받아 농협중앙회장상, 농림부장관상을 수상한 바 있다. ']"
1,식품저널 2021년 3월호 기사보기,http://www.aflnews.co.kr/news/articleView.html?idxno=91787,2021.04.02,"['\n  울산축협(조합장 전상철)은 지난해 구매사업 232억원, 마트사업 147억원, 판매사업 296억원 등의 경제사업과 예수금 5011억원, 상호금융 대출금 3617억원, 정책자금 대출 61억원 등의 신용사업을 추진해 8억4900만원의 당기순이익을 올린 것으로 나타났다.  울산축협 지난 6일 조합 6층 회의실에서 임원, 대의원과 김종민 농협중앙회 울산지역 본부장, 김인대 농협사료 울산지사장이 참석한 가운데 정기총회를 개최하고 이 같은 내용을 골자로 한 지난해 사업결산안을 승인했다.  이날 전상철 조합장은 인사말을 통해 “지난해 사료값 상승과 가축가격 하락 장기화로 인한 축산농가의 어려움 가중과 부동산 경기 침체로 인해 연체 채권이 급증해 어렵게 결산을 하게 됐다”며 “올해도 이 같은 어려움은 지속될 것으로 전망됨에 따라 조합원과 임직원의 화합과 단결이 더욱 필요하다”고 강조했다. ']"
2,식품저널 2021년 2월호 기사보기,http://www.aflnews.co.kr/news/articleView.html?idxno=91427,2021.03.05,"['\n도드람양돈농협(조합장 이영규)은 지난달 25일 긴급 이사회를 개최하고 사료가격을 한시적으로 동결키로 결정했다.이번 결정은 원가상승 요인이 있는 상황임에도 불구하고 시행된 것이어서 이중고를 겪고 있는 양돈농가에는 단비가 될 것이라는 게 도드람측의 설명이다.도드람양돈농협은 사료 공급원가를 공개하는 특유의 정책으로 양돈농가의 저렴한 사료 이용을 이끌고 있다.이영규 조합장은 “이번 조치로 조합원 농가들이 동결된 가격으로 사료를 이용할 수 있게 됐다”면서 “앞으로도 양돈인이 만든 조직인 도드람양돈농협은 농가의 고통을 덜어드리기 위해 노력할 것”이라고 밝혔다.한편 도드람양돈농협과 자회사인 도드람푸드, 도드람양돈서비스, 도드람LPC, 도드람유전자연구소, 디에스피드, 도드람FC는 지난달 26일 대전 유성호텔에서 ‘2013년도 사업추진 결의대회’<사진>를 개최했다.이날 도드람 계열사업체 직원 250여명은 팀빌딩 프로그램을 함께하며 올해 도드람이 협동조합형 패커로 성장하는데 앞장서 협동조합으로서의 가치를 전파하는 대표가 되고, 사업목표를 조기에 달성해 나가기로 다짐했다. ']"
3,공공ㆍ민간 R&D 시제품 개발 중심 농업기술 실용화 지원 ,http://www.aflnews.co.kr/news/articleView.html?idxno=91281,2021.02.24,"['\n  NH농협은행 경남본부(본부장 박성면)는 지난 16일 지난해 신입행원 마케팅스타 프로모션 우수직원 10명을 초청, 새해 첫 회의를 새내기 행원들로부터 일선 현장의 어려움을 직접 듣고 소통하는 이례적인 회의로 시작했다.   이날 초청된 신입행원 10명은 입사 후 10개월간의 마케팅 경연을 통한 2개 그룹별 상위 5명씩 선정했다. 회의는 금융업무 중 느낀 점과 궁금한 점, 개선됐으면 하는 부문 등 신입행원의 참신한 시각에서 바라보는 자유로운 주제로 열린 대화의 형식으로 진행됐다.  윤선경 서파동지점 계장은 “직장과 개인의 발전을 위한 선배들의 소중한 경험을 공유할 수 있었던 뜻 깊은 시간이 됐다”고 밝혔다.   NH농협은행 경남본부 관계자는 “신입행원에 대한 지속적인 동기부여를 통한 자기계발 유도로 NH농협은행 경남본부의 재목으로 성장할 수 있는 전사적 지원 프로그램을 지속적으로 실시해 나갈 것”이라고 밝혔다.  ']"
4,"농식품부, 그린바이오 분야 벤처 10개사 28억 지원 ",http://www.aflnews.co.kr/news/articleView.html?idxno=91260,2021.02.23,"['\n황병익 농도원목장 대표가 IDF(국제낙농협의회)한국위원회 목장경영분과 위원장으로 임명됐다.IDF한국위원회는 지난 17일 낙농진흥회 회의실에서 ‘2013년 IDF한국위원회 분과위원장단 간담회’를 개최하고 황 대표를 신임 목장경영분과위원장에, 김현진 서울대학교 책임연구원을 간사로 임명했다.이날 간담회에선 지난해 IDF한국위원회 활동 보고와 함께 올해 활동방향에 대한 논의도 있었다.이와 관련 IDF한국위원회는 2018년 IDF 연차총회 한국 유치를 위해 우리나라에서 활동하는 각 분과별 활동을 올해부터 하나로 통합 추진해 총력을 기울여 나가기로 했다.한편 IDF는 1903년 설립돼 현재 세계 54개국이 참여하고 있으며, 낙농경영과 위생, 환경등 각종 학술 및 과학기술정보 교류를 통해 회원국의 낙농산업 발전 도모와 국제연합식량농업기구(FAO), 국제수역사무국(OIE), 국제표준화기구(ISO), 한국식품연구원 우수식품인증시스템(Codex)등의 농식품관련 국제기구와 연계해 유제품의 식품표준, 식품위생 등 각종 낙농기준의 국제표준화를 주도하고 있다. ']"
5,올해 농산업 벤처ㆍ창업기업에 153억 지원,http://www.aflnews.co.kr/news/articleView.html?idxno=76743,2021.02.05,"['\r\n\t\t\r\n\t\t\t이번 설 대목을 맞아 축산선물세트의 판매가 구제역의 여파로 부진을 겪으면서 유통업체들은 지난해 설 대비 10% 이상 매출이 감소한 것으로 나타났다.  이에 따라 유통업계는 냉동재고에 대한 부담을 해소하기 위한 노력을 당분간 집중할 것으로 전망되고 있다.    # 백화점, 20~30만원대 판매 뚝…고가는 신장  백화점은 지난해 설 대비 10~20% 물량을 더 확보했지만 판매 부진을 겪은 것으로 나타났다.  설날인 지난 3일을 기준으로 D-6일까지는 냉장 정육세트를 중심으로 판매가 순조롭게 이뤄졌지만 D-5일부터 매출이 급감하면서 지난해 설 보다 10~13% 매출이 감소한 것으로 집계됐다.  특히 20~30만원대 주력 냉장정육선물세트가 고전을 겪은 가운데 50만원 이상 특화된 고가 제품은 오히려 판매가 늘어 가격 양극화가 극명하게 드러난 것으로 분석됐다.    현대백화점은 서산화식한우, 산청유기농한우, 제주흑한우 등 특화된 브랜드 한우가 판매 강세를 보였고 55~70만원대 상품이 판매 신장세를 주도했지만 20~30만원대 상품은 고전한 것으로 나타났다.  장동건 현대백화점 과장은 “이번 설을 대비해 1만7000세트를 준비했는데 10% 매출이 감소했다”면서 “냉장은 재고가 없지만 냉동 선물세트에 대한 재고는 해결하도록 노력해야 한다”고 말했다.  신세계백화점은 50만원대 이상 특화된 유기농한우와 제주흑한우, 프리미엄와규 등이 선전한 것으로 나타났지만 20~30원대 냉장정육선물세트의 판매가 저조한 것으로 나타났다.  천현수 신세계백화점 대리는 “준비한 1만4000세트 중 1만세트를 판매하는데 그쳤다”면서 “D-6일까지는 고무적인 판매를 보이다 D-5일부터 판매가 급감해 구제역의 영향을 많이 받았다”고 말했다.      기존 강원과 경기권의 한우 브랜드를 주로 취급하다 담양 대숲맑은한우 등 전남지역으로 산지를 바꿔가면서 물량을 확보한 롯데백화점 역시 12~13% 매출 감소가 발생한 것으로 자체 평가했다.  고대승 롯데백화점 과장은 “울릉도 칡소 등 특화된 한우는 잘 팔렸다”면서 “60만원대 이상 고가 상품이 잘 팔린 반면 30만원대는 굴비 선물세트가 잘 팔릴 것으로 나타났다”고 말했다.   # 대형마트, 국내산 축산물 부진, 한우는 특히 심해  대형마트는 이번 설 대목에 축산물에서는 큰 재미를 보지 못했다. 몇 년 만에 축산물 선물세트 판매율에서 역신장을 기록한 것.  업체별로 차이는 있지만 지난해 설 대비 2%에서 많게는 10%이상 판매가 줄어든 것으로 나타났다.  이마트의 경우 전체 축산물 선물세트 판매율이 지난 설에 비해 3.4% 이상 줄었다. 명절  2주전까지 판매율이 좋았던 것에 비하면 저조한 실적이다. 부진 속에서도 가장 많이 판매가 된 것은 ‘한우갈비 1호 세트’로 냉동 3.6kg에 17만5000원의 합리적인 가격으로 1000세트 이상 판매됐다.  소비자의 기호도를 고려한 세트도 인기가 좋았다. 이마트에 따르면 5개 점포 200여명의 소비자를 대상으로 사전 조사를 통해 가장 선호하는 세트를 구성, 큰 인기를 끌었다.  35만원의 냉장세트인 ‘한우 등심 갈비 국거리 세트’는 전 점포에서 1000세트 이상 팔리면서 완판을 기록했다.  롯데마트는 축산물 선물세트에서 2% 정도 감소했다. 롯데마트에 따르면 명절 전부터 축산물 소비율이 전년동기 대비 5~10% 정도 감소하고 있었던 것으로 나타났다.  그럼에도 불구하고 소비자가 직접 선택해 구성하는 20~25만원대의 한우 냉장세트는 높은 판매율을 보였다.   롯데마트의 한 관계자는 “소비자들의 기호도를 고려해 구성하는 세트들이 예년에 비해 뚜렷한 신장세를 보였다”며 “한우세트의 경우 아무래도 선물용으로 구입하기 때문에 구제역의 영햐을 받은 것 같다”고 말했다.  이 같은 국내산 축산물의 소비 부진과 달리 수입육은 높은 신장세를 보였다. 롯데마트는 수입육에서 판매율 30%이상의 신장세를 기록했다.  수입육 쇠고기 세트는 물론 일반 정육에서도 판매율이 늘어난 것. 국내산 축산물 선물세트를 구매하는 고객들이 굴비나 과일로 대체구매를 한데 이어 수입축산물에서도 대체수요가 상당수 발생한 것으로 나타났다.   # 인터넷 쇼핑몰, 한우 판매 뚝 떨어져  인터넷 쇼핑몰을 중심으로 한 온라인 판매는 축산물 판매 이후 최악의 대목을 맞았다고 해도 과언이 아니다. 한우의 경우는 50%에서 많게는 70%까지 감소를 기록했고 전체적인 축산물 판매도 20~30%이상 감소했다.  젊은 소비층이 대다수인 인터넷 쇼핑몰은 구제역으로 인한 소비심리 악화가 더욱 많이 반영됐다는 것이 전문가들의 분석이다.  ‘우리 명절엔 우리 한우’라는 소비자들의 인식을 믿고 설 선물세트 판매가 많을 것으로 예상했던 인터넷 쇼핑몰측은 난색을 표하고 있다.  옥션의 경우는 한우 판매는 전년 설 대비 60~70%가량 감소한 것으로 나타났다.   고현실 지마켓 식품팀 팀장은 “구제역으로 인한 소비여파가 생각보다 심각했다”며 “전체적인 축산물 판매는 전년동기 대비 30%가량 줄어든 것으로 나타났지만 이마저도 높은 수입육 판매로 상쇄된 것이며 한우와 돼지고기 판매는 상당히 부진했다”고 밝혔다. ']"
6,이정태 뷸러 한국지사 대표 “한국 맞춤형 대체육 제조 솔루션 제공”,http://www.aflnews.co.kr/news/articleView.html?idxno=76722,2021.02.03,"[""\n  - 농기평, 수출연구사업단 중간평가 결과     선인장·돼지고기 사업단 ''퇴출''  정부가 농식품 해외시장 개척을 위한 기술개발지원을 위해 추진하고 있는 11개 농식품수출연구사업단 중 ‘선인장수출연구사업단’과 ‘돼지고기수출연구사업단’이 퇴출됐다.  농림수산식품기술기획평가원(이하 농기평)은 최근 수출연구사업단 및 세부과제의 계속지원 여부 판단을 위해 중간평가를 실시했으며 평가결과 하위 20% 사업단과 사업단별 세부과제 중 하위 20%를 중단조치하기로 했다고 밝혔다.  11개 연구사업단과 135개 세부과제에 대한 △사업수행 목표 및 범위의 타당성 △당해 연구실적 및 운영실적 충족도 △차년도 연구계획의 적절성 △연구수행 목표 및 범위의 타당성 △연구기대효과에 대한 만족도 △사업의 특성 등의 평가 결과 선인장과 돼지고기수출연구 등 2개 사업단과 계속지원대상인 9개 사업단의 19개 세부과제가 지원중단 조치를 받게 됐다.    농기평은 이번 중간평가 결과에 따라 우수 연구사업단에는 인센티브를 부여하고 지원이 중단 조치된 사업단내 세부과제에 대해서는 평가결과를 반영해 일부과제를 일반과제로 전환, 지속 지원한다는 방침이다.    농산품수출연구사업단은 2008년 농림기술개발사업 지정공모형 과제로 수출 유망 농산품목을 선정, 품목당 연간 20억원씩 5년간 종합적인 연구개발(품종육성·병해충방제·수확후관리·가공·장기저장 운송기술·해외시장 조사 및 소비자 맞춤형 상품개발 등)을 지원하는 프로젝트로 시작했다.   하지만 정부 조정심의 결과 농촌진흥청의 해외시장개척지원사업이나 품목별 연구과제의 중복문제가 제기되면서 초년도 사업은 13개 품목, 115억원의 사업비로 축소 책정됐다. 이후 1년차 사업평가를 통해 2개 사업단이 퇴출됐으며 이번 2차년도 평가결과를 통해 2개 사업단이 추가로 퇴출된 것이다.\t\t""]"
7,"농식품부, 올해 식품 분야 연구개발에 313억 투자",http://www.aflnews.co.kr/news/articleView.html?idxno=76594,2021.01.20,"['\n - 황산화활성 10배 이상 증가…건조·면역력 강화·피부재생에 효과  노화 방지용 꽃송이버섯 기능성화장품이 개발돼 산업화를 눈앞에 두고 있다.전남산림자원연구소(소장 박화식)는 베타글루칸(면역 증강작용) 함량이 높고 항산화활성이 우수한 꽃송이버섯의 독자적인 발효추출 기술을 활용해 노화방지 및 피부재생에 도움을 주는 기능성화장품을 개발, 특허출원했다고 밝혔다.  노화 방지용 꽃송이버섯 기능성화장품 개발은 전남산림자원연구소 오득실 박사팀과 화장품 연구개발 전문회사인 (주)컬러핑크알앤디(대표 민정환)가 산림과학기술개발사업 일환으로 꽃송이버섯 추출물을 활용한 기능성화장품 개발에 공동 참여해 일궈낸 성과다.  이 기능성화장품은 항산화활성을 약 10배 이상 증가시킬 수 있는 독자적인 고효율 발효추출 기법을 활용, 건조와 면역력 저하·노화현상 개선 및 손상피부 재생 효능이 있는 것으로 알려졌다.  실제로 개발된 시제품은 샘플테스트를 통해 사용자로부터 호평을 받은 바 있는 인기상품이다. 특히 지난해 제23차 IUFRO(세계산림과학대회) 세계총회 및 2010 F1국제자동차경주대회 등 세계인이 함께 하는 국제행사에서 선을 보여 몸에 좋은 꽃송이버섯이 피부에도 우수한 효능을 갖는 것으로 홍보된 바 있다.  또 홍콩의 미오기(MIOGGI) 브랜드인 미오기 매직어드밴스드 시리즈로 제작돼 홍콩시장에서 1만1200달러의 매출을 올리기도 했다. 이에 따라 전남산림자원연구소는 지적재산권 확보를 위해 지난해 12월 30일 꽃송이버섯 추출물을 포함하는 화장료 조성물 특허를 출원했다.    전남산림자원연구소는 꽃송이버섯 화장품 제조 특허기술을 국내 굴지의 수요 기업체에 기술이전, 브랜드화해 나갈 계획이다.  박화식 소장은“앞으로도 산림내 유용한 미생물과 수목자원을 활용한 다양한 연구를 통해 신약과 기능성 식품, 화장품 등의 개발 잠재력을 키워 산림을 소득자원화 해나가겠다”고 밝혔다. ']"
8,"실용화재단, 농산업 벤처 육성에 153억 지원",http://www.aflnews.co.kr/news/articleView.html?idxno=76516,2021.01.12,"['\n대한양돈협회가 정부의 수입육 무관세 조치를 비판하고 나섰다.양돈협회는 지난 25일 성명서를 내고 구제역으로 살처분된 돼지가 250만마리에 달하는 현재의 상황에서 수입육 무관세 조치는 정부가 양돈농가를 두 번 죽이는 처사라며 즉시 철회해 줄 것을 촉구했다.협회는 성명서에서 지난 24일 기준으로 국가적 재앙인 구제역으로 살처분된 돼지가 250만마리에 달하고, 전체 사육마릿수의 30%에 해당하는 340여 만마리의 돼지가 이동제한에 묶여 있는 상태라며 이러 가운데 정부는 물가를 잡는다는 미명하에 수입 냉동삼겹살과 전·후지 등 6만 톤을 무관세로 들여오기로 결정해 구제역으로 출하도 못하는 양돈농가들의 가슴에 대못을 박았다고 주장했다.협회는 또 돼지고기 수입은 발주 후 약 1∼2개월이 소요되고 정부의 구제역 예방접종 정책에 의해 살아남은 돼지가 일제히 시장에 몰려나올 시기도 1~2개월 후로 예상되고 있어 돼지가격 조정은 이미 예정돼 있는 상황에서 정부가 취한 수입육 무관세 조치는 국내 양돈산업을 붕괴시키는 만행이라고 거듭 주장했다.협회는 이와 함께 구제역으로 무너져 가는 국내 양돈산업을 지키기 위한 특별 방역 조치에 최선의 노력을 다 해 줄 것을 정부에 요구했다.한편 정부는 다음달부터 오는 6월까지 한시적으로 햄, 소시지, 만두 등 육가공품의 원료로 사용되는 돼지고기 5만톤과 냉동삼겹살 1만톤에 대한 긴급할당관세를 적용, 현행 25%의 관세를 물리던 것을 할당관세 0%를 적용키로 했다. ']"
9,GLOBAL TREND 새로운 카테고리 ‘스마트 영양’,http://www.aflnews.co.kr/news/articleView.html?idxno=76473,2021.01.07,"['\n  - 경기도, 공무원 1100여명 현장 투입     발생지역·축산농가 방문 자제 당부  구제역이 전국적으로 확산되고 있는 가운데 경기도가 구제역 확산방지를 위해 도청 공무원들을 방역 현장에 투입하는 등 방역활동에 총력전을 펼치고 있다.   19일 현재 구제역 방역 현장에 투입된 경기도청 공무원들은 모두 1100여명으로 이천, 안성 등 도내 6개 시군에서 구제역 확산 방지에 팔을 걷어 붙였다.  지난달 설치된 구제역 비상대책 상황실도 계속 가동 중이다. 최근에는 구제역에 AI까지 겹치면서 기존 구제역 상황실에 AI 근무조를 확대 편성해 24시간 비상근무를 실시하고 있다.   한편 민족의 대이동이 예상되는 설 연휴 기간이 다가옴에 따라 경기도는 구제역 확산을 막기 위해 도민들을 대상으로 연휴기간동안 구제역 발생지역이나 축산농가 방문을 가급적 자제할 것과 불편함이 있더라도 소독 등을 위해 통제초소 운행시 서행 할 것, 구제역은 인체에 무해하므로 우리 축산물을 많이 애용해 줄 것 등 당부했다.   서상교 경기도 축산과장은 “구제역의 확산을 막기 위해서는 정부와 지자체의 지원도 필요하지만 국민들의 많은 협조와 도움이 필요하다”고 말했다.\t\t']"
10,식품저널 2020년 11월호 기사보기,http://www.aflnews.co.kr/news/articleView.html?idxno=76095,2020.12.04,"['\n  - 식품안전정보센터, 중국 검험검역과학연구원 식품안전연구소와 업무협약 체결  식품안전정보센터(센터장 문은숙)가 지난달 27일 검험검역과학연구원 식품안전연구소(소장 추샤오강)와 북경에서 식품안전정보 교류 등에 관한 업무협약을 체결했다고 밝혔다.  이번 체결을 통해 양 기관은 한중 양국간 식품안전정보교류, 관련 법률?법규와 식품안전과 관련된 가이드라인 교환, 상호 인력교류를 통한 식품연구 수행, 세미나와 심포지엄 공동개최, 식품안전정보와 관련된 기타 부가적 활동 등의 상호 협력사업을 활성화시키며 상호 이익을 도모키로 합의했다.  식품안전정보센터 관계자는 “이번 업무협약을 통해 중국과 한국 간의 식품안전정보에 대한 신속한 교류체계 구축, 활성화와 더불어 식품의 기준?규격, 식품사고 대응을 위한 정보 식품안전정보 관련 산업 활동 지원 등이 가능해질 것으로 보인다”고 밝혔다.  업무협약을 체결한 검험검역과학연구원 식품안전연구소는 중화인민공화국 국가질량감독검험검역총국 산하 기관으로 식품 관련 정보 수집, 식품 관련 표준, 검사법 검증, 식품관련 기술관리, 부적합 수출입 식품 검사 등의 업무를 이행하고 있다.\t\t']"
11,여러 가지 대체식품,http://www.aflnews.co.kr/news/articleView.html?idxno=75794,2020.11.09,"['\n - 농식품부, 215억원 융자  서해 5도 어업인에게 특별영어자금 215억원이 지원된다.  농림수산식품부는 최근 북측의 피습으로 어려움을 겪고 있는 연평도 등 서해 5도 어업인들의 어업경영안정 등을 위해 지난 16일부터 특별영어자금 215억원을 융자하기로 했다고 밝혔다.  이에 따라 맨손어업자에게는 300만원, 어선어업자에게 5000만원에서 1억원까지 연 이율 3%로 지원 될 예정이다.  농식품부 관계자는 “피해어업인들이 필요자금을 보다 쉽게 융자받을 수 있도록 기존 재해에만 적용되던 농림수산업자 신용보증기금의 특례보증을 이번 경우에도 적용할 수 있도록 관계기관과 협의 중이며, 빠르면 올해 내에 시행될 것”이라고 밝혔다.  또한 내년 1월 ‘서해 5도 지원특별법’시행 시점부터 이미 사용 중인 영어자금의 상환을 유예하고 이자도 감면해 주기로 했다. ']"
12,식품저널 2020년 10월호 기사보기,http://www.aflnews.co.kr/news/articleView.html?idxno=75778,2020.11.06,"[""\n  - 내년부터 ''산지유통혁신 1520 프로젝트'' 추진  농협중앙회는 ‘산지유통혁신 112운동’이 성공적으로 마무리됨에 따라 후속대책으로 ‘산지유통혁신 1520 프로젝트’를 마련, 적극 추진하기로 했다.  농협은 2008년부터 추진해온 ‘산지유통혁신 112운동’으로 1300개의 공선출하회와 140개의 연합사업단을 육성해 7800억원의 매출을 달성하는 쾌거를 거둠에 따라 내년부터는 이를 더욱 확대한다는 방침이다.  ‘농협 중심의 농산물 유통체계 구축’을 비전으로 하고 있는 ‘산지유통혁신 1520 프로젝트’는 2015년까지 2000개소의 공선출하회를 육성해 사업금액을 2조원으로 확대하고, 품목광역연합 20개 품목을 육성한다는 것이다.  농협은 이를 위해 경제사업의 역할을 공동수송, 대금정산 등 기초형태의 판매사업에서 생산단계부터 최종 판매까지 농협이 주도하는 전략적 공동출하로 전환하고, 수탁형 공동계산 및 취급수수료의 현실화를 도모하기로 했다.  또 일정기준을 충족하는 농업인만 공선출하회의 회원으로 가입시켜 산지유통조직을 내실화하고, 2015년까지 수수료율 5%, 공동계산 10억원, 회원수 50명 내외로 정예화시킬 계획이다.  연합사업조직의 경쟁력 강화방안도 마련됐다.  전국의 모든 시군 연합사업체계의 유지 및 성장을 위해 2015년까지 사업단별 평균 142억원 규모의 매출을 유도해 연합사업 총 매출액을 2조원으로 확대하고 유통시설과 조직, 인력의 합리적 운용체계를 구축한다는 방침이다.  또 연합사업단은 2015년까지 조합공동사업법인으로 전환한다는 목표아래 우선 100억원 이상의 매출액을 달성한 연합사업단과 자립경영체계 구축이 가능한 연합사업단 등 활성화된 연합사업단을 우선 조합공동사업법인으로 전환시키기로 했다.  특히 품목연합 조직수는 2015년까지 20개소로, 매출액은 5000억원 수준으로 확대시키고 활성화된 도단위 품목연합을 전국단위 품목연합으로 확대시키는 등 품목연합의 단계적 성장모델을 구축할 계획이다.  한편 지난 16일 농협중앙회 대강당에서 개최된 ‘산지유통혁신 112운동 종합평가 워크숍’에서 참석자들은 112운동이 농업인에게는 소득향상을, 소비자에게는 고품질의 농산물을 공급하는 시스템을 구축했다고 평가했다.  이덕수 농협 농업경제대표는 이 자리에서 “산지유통혁신 112운동의 성공적인 마무리를 도모하고, 내년부터는 ‘산지유통혁신 1520 프로젝트’를 추진해 농업인과 농협이 중심되는 농산물 유통체계 구축을 위해 더욱 매진할 것”이라고 밝혔다.\t\t""]"
13,‘포스트 코로나 시대 변화하는 식품 시장’ 컨퍼런스,http://www.aflnews.co.kr/news/articleView.html?idxno=75678,2020.10.29,"['\n  공주연기축협(조합장 안종화)이 2010년 충청남도 농어촌발전상 기관지원부문 수상 팀으로 뽑혀 지난 7일 도청 대강당에서 열린 시상식에서 수상의 영예를 안았다.<사진>  공주연기축협은 2003년 연기축협과 흡수통합 조합경영을 크게 개선한 가운데 화합을 이뤄 농촌문화를 고양하는 한편 가축사양 프로그램을 다양화하고 특히 한우사육지반을 강화 경쟁력강화와 농가소득증대에 기여한 공로가 인정된 것으로 나타났다.  특히 토바우 한우를 중심으로 한 이력추적, 거세우육성, 가축시장 활성화 등 한우육성사업에 남다른 지원과 노력을 아끼지 않은 우수기관으로 높은 점수를 냈다.  안종화 조합장은 “모든 영광을 축산농가 조합원에게 돌린다. 더 노력하라는 주문으로 받아 들인다”고 소감을 밝혔다.  안희정 도지사를 비롯한 관계자와 수상자 가족 등 500여명이 참석한 이날 시상식은 올해로 18회를 맞는 충남 농어촌분야 사업결산 이다. 이날의 대상은 보령시오천면삽시도리 편현숙(여)씨가 받았다. ']"
14,‘2020 코리아 푸드테크 컨퍼런스’ 11월 25~26일 개최,http://www.aflnews.co.kr/news/articleView.html?idxno=75586,2020.10.21,"['\n  우성사료(대표 지평은)가 대전지역 최대 노숙자 무료급식소에서 밥퍼주기 자원봉사와 성금전달식을 가졌다.  우성사료는 지난 4일 대전역 인근에 위치한 무료급식소 새나루공동체(blog.naver.com/saenaru6393)를 방문해 성금 1000만원을 전달<사진>하고 밥퍼주기 자원봉사활동을 펼쳤다.  지평은 우성사료 대표는 “일회적으로 끝나는 행사가 아니라 앞으로도 매달 지속적으로 꾸준히 자원봉사를 할 계획”이라며 “사회적 나눔과 배려활동을 통해 소외된 이웃과 함께 희망을 나누는 기업의 사회공헌활동에도 보다 적극적으로 참여할 계획”이라고 밝혔다.   공익법인 우성사료장학재단은 지난해 15억원을 출자해 설립됐으며 앞으로 매월 임직원이 정기적인 나눔을 실천할 계획이다.   우성사료는 특히 장학재단을 통해 노숙자 무료급식, 결식아동 무료급식, 사랑의 도시락 배달 등 다양한 봉사활동을 지속적으로 진행하고 대학생을 대상으로 가정형편이 어려운 우수한 학생에 대해 장학금을 집행할 계획이다. ']"
15,대체식품ㆍ메디푸드 등 그린바이오 분야 5대 산업 집중 육성,http://www.aflnews.co.kr/news/articleView.html?idxno=75306,2020.09.21,"['\n집중기획> 학교급식시장 새로운 공급시스템 모색     제1부 새로운 유통채널, 학교급식시장    제2부 학교급식 식재료, 어디서 어떻게 공급되나        1)아이쿱생활협동조합 생협친환경급식(주)       2)서울친환경유통센터       3)안성마춤농협신선편이센터  - 철저한 청결관리…수매에서 분류, 전처리, 판매까지 ‘안성마춤농협신선편이센터’  직거래를 통한 농가의 이익을 돕기 위해 안성시 관내 14개 지역농협이 연합해 설립한  ‘안성마춤농협신선편이센터’가 지난해 5월부터 본격적으로 학교급식 식재료 공급 사업을 시작해 지역 농가들의 수취가격상승, 판로개척에 큰 보탬이 되고 있다.  이곳에서는 관내 100여개 친환경·안전급식을 하고 있는 학교들에 신선한 식재료를 공급하고 있으며 안성시 전체는 물론 경기도에서 생산된 농산물을 취급하고 있다.  특히 학교급식에서 꼭 필요로 하는 전처리 과정을 체계화해 만족도를 높이고 있으며 최상의 청결을 유지하기 위해 HACCP(위해요소중점관리기준)시스템을 도입, 완벽한 위생설비를 구비하고 있다.   지역 특성 상 감자와 버섯류, 대파, 무 등 구근류의 생산이 활발해 이를 계약재배해 농가와 센터 모두 경쟁력을 높이고 있으며 다소 부족한 엽채류는 클린팔당과의 연계를 통해 상호보완하기도 한다.  14개의 지역농협이 공동설립한 안성시 전체의 지역조직인만큼 센터에서는 마케팅과 판매를 전담하고 지역농협에서 농가들의 교육과 생산관리를 맡아 철저한 업무분담을 통해 효율성을 높인 것도 특징이다.  성영제 신선편이 팀장은 “특히 친환경 농산물을 생산하는 농가의 경우 판로개척에 한계가 있어 개별적으로 판매를 하다보면 불이익을 받는 경우가 상당하다”며 “신선편이센터의 경우 대금결제, 수취가격, 판로 모두 안정적으로 해결해주고 있어 농가들이 생산에만 집중할 수 있다”고 전했다.  또 ‘안성마춤농협신선편이센터’의 경우 학교급식은 물론 CJ, GS리테일, 삼성에버랜드, 오양 등 대기업에 농산물을 납품하고 있어 이를 활용해 판로에 대한 위험부담이 적다.  학교급식의 경우 일정규격이 정해져 있어 농가에서 수매할 수 있는 물량이 한정적일 수밖에 없는데 이곳에서는 분류작업을 통해 급식과 대기업납품을 동시에 할 수 있으니 자투리를 최대한 남기지 않게 되는 것도 장점이다.  성 팀장은 “센터의 가장 큰 목적이 지역 농가에서 합리적인 수취가격을 받으면서 안정적인 판로를 구축할 수 있도록 돕는 일”이라며 “학교급식 수요가 줄어드는 방학 기간에도 판매가 덩달아 줄어들지 않도록 제2의 판로를 개척해 나가는 노력을 지속하고 있다”고 밝혔다.  농가에서 가장 번거롭게 여기는 분류작업부터 세척, 커팅작업, 소분포장 등 모든 공정과 유통에 드는 비용을 최소한의 수수료체계로 전환해 물가변동에도 농가가 최대한 이익을 볼 수 있도록 하고 있다.   학교급식 식재료 공급이라는 특성 상 ‘안성마춤농협신선편이센터’는 최상의 청결시스템을 갖추고 있는데 HACCP시스템을 갖춘 것은 기본이며 저온창고의 온도유지 뿐 아니라 일반 작업장도 모두 적정온도가 유지될 수 있도록 관리한다.  전처리 과정인 커팅과 소포장작업장은 클린룸시설을 구축했으며 청소에 쓰는 물까지 모두 수도수를 사용하되 공정에 투입되는 물은 특히 오존처리를 통한 2차 소독 후 사용하는 등 살균과정에 빈틈이 생기지 않도록 최선의 노력을 기울이고 있다.  성 팀장은 “학교급식 식재료 공급에 있어 생산농가와의 직거래가 활성화되기 위해서는 생산현장 체험등의 홍보활동과 식생활교육 역시 동반돼야 안정적으로 널리 운영될 수 있을 것”이라며 “센터입장에서도 더 좋은 식재료를 공급하기 위해 계약재배의 품목을 더욱 늘리고 지역농협에서도 농가의 생산관리를 철저히 하는 등 노력을 기울일 것”이라고 설명했다.\t\t']"
16,식물성 단백질 국내 특허기술,http://www.aflnews.co.kr/news/articleView.html?idxno=75122,2020.09.02,"['\n  농협강원지역본부(본부장 함병석)의 연합판매사업 농산물 매출이 1000억원을 돌파했다.   2001년 풋고추, 무, 배추로 관내 19개 농협이 참여해 114억원의 매출을 기록한데 이어 2008년도 720억원, 지난해 850억원의 판매실적을 올리는 등 매년 급성장을 이루는 가운데 올해에는 관내 40여개 조합이 참여해 풋고추류, 무, 배추는 물론 오이, 호박, 가지, 토마토 및 친환경 농산물 등 80여개 품목으로 취급 품목도 대폭 늘려 1000억원의 판매성장을 이룩하게 된 것이다.    강원농협의 연합사업단은 도 단위 연합사업인 강원연합사업단(단장 이두수)을 비롯해 시군단위의 5개 연합사업단(횡성, 원주, 영월, 평창, 양구)이 있으며 연말까지는 1100억원의 매출이 예상된다.   특히 강원농협 연합사업은 2001년에 전국 최초로 도 단위 연합사업단으로 시작해 전국의 농산물 연합판매사업이 활성화되는 계기가 됐으며 현재 전국에는 140개 연합사업단(도단위 10개, 광역단위 3개, 시군단위 127개)이 지역의 특성 및 여건에 맞는 농산물 연합사업을 활발히 펼치고 있다.    이두수 강원연합사업단장은 “강원도 농업은 품목별 주산지가 분산되어 있어 물류효율이 떨어지며 집중출하기인 여름철에는 장마, 방학, 휴가철과 겹쳐 수급이 불안정한 특징이 있다”며 “따라서 매년 농산물 가격의 등락폭이 심했고 산지폐기가 거의 반복적으로 일어나 농가소득의 불안정으로 이어졌다”고 말했다.   이어 그는 “이런 강원도 농업의 특성과 한계점을 극복하기 위해서는 강력한 산지유통주체로서 농협의 적극적인 역할이 필요했다”며 “이에 강원도 채소류 생산기반확립과 농가소득 증대를 위해 강원연합사업단이 출범하게 됐다”고 설명했다.    강원농협 연합사업은 사업규모 뿐만 아니라 내용면에서도 성장을 거듭하고 있다.   기존의 도매시장 출하 뿐만 아니라 농협유통센터를 비롯해 대형유통업체, 식자재업체 등 직거래 업체에 다양한 농산물을 공급하고 있으며 다변화된 납품처에 안정적으로 물량을 공급하기 위해 산지의 조직화, 규모화, 상품화에 역량을 집중하고 있다.   이를 위해 강원농협은 기존의 산지생산자 기초조직인 품목별 작목반시스템에서 한발 더 나아가 공동선별 및 공동계산 실천조직인 공선출하회를 육성해 균일한 품질의 안정적인 물량공급을 기하는 한편 지자체와 연계한 시설투자로 다양한 상품스펙 개발을 통해 급변하는 소비지의 요구에 적극 대처해 나가고 있다.   함병석 본부장은 “매년 바이어초청 상품설명회를 비롯해 전국 경매사 초청 사업설명회 등 강원농산물의 우수성 홍보와 마케팅에 많은 시간과 노력을 기울여 왔다”며 “실무자 워크숍 및 사업평가회 등 연합사업의 업그레이드를 위해 꾸준한 노력을 계속해 나갈 계획”이라고 밝혔다.   또 그는 “산지연합사업 역량 강화로 강원농산물의 판로확보와 생산농가의 소득보장, 안전한 먹을거리 공급과 안정적인 판매, 유통시스템 구축으로 강력한 브랜드 파워를 발휘할 수 있는 강원연합사업단으로 성장할 수 있도록 더욱 지원을 아끼지 않겠다”고 말했다.   한편 강원연합사업은 농협중앙회에서 추진하는 산지유통혁신 112운동 우수사무소로 선정돼 지난 4일 농협중앙회 대강당에서 표창을 받았다. ']"
17,[식품저널 창간 23주년 축사] 오병석 농림식품기술기획평가원장,http://www.aflnews.co.kr/news/articleView.html?idxno=74817,2020.07.31,"['\r\n\t\t\r\n\t\t\t우성사료(대표이사 지평은)은 최근 전북 전주 월드컵 경기장 웨딩홀에서 인근 지역 양돈경영인들과 함께 우수농장의 날 행사를 개최했다.  이날 행사에서는 E.L농장(대표 김정기), 두리농장(대표 김선기), 한국종돈(대표 박형근)의 사례가 소개돼 참석 농가들의 관심을 집중시켰다.  이날 발표에 따르면 E.L농장은 ‘우성 피그팜 솔루션’ 적용 결과 모돈의 면역력 조기 회복과 여름철 수태율이 크게 향상됐다. 지난해 우성사료로 교체해 제일 먼저 실시한 모돈 등지방 측정데이터를 기반으로 임신돈 사료 급여량 증량과 모돈 크리닝을 실시한 결과 2010년 9월말 기준 분만율 86.1%, 수정율 90%, 이유마릿수 10마리로 성적이 개선됐다.  한국종돈과 두리농장도 8월 출하체중을 보면 110kg대를 유지하면서도 출하마릿수를 늘렸다. 한국종돈은 지난해 대비 2010년 9월 기준 평균 출하마릿수는 417마리에서 503마리로, 평균출하체중은 106.8kg에서 113.4kg으로 각각 출하마릿수는 85마리, 평균체중은 6.6kg가 늘었다. 두리농장 역시 2010년 월평균 출하마릿수 212마리, 평균출하체중 114.9kg을 기록, 이 가운데 혹서기인 8월 출하마릿수는 265마리에 111.8kg의 성적을 올렸다.  행사를 주관한 문성혁 우성사료 양돈부장은 “모돈의 수태율 향상방안과 비육돈 출하체중 향상을 위해서는 초심으로 돌아가 농장성적의 기본인 종부와 임신돈, 분만사 관리에 집중해야 한다”고 강조했다.  문 부장은 “농장의 수익과 직결되는 비육돈 출하체중 향상을 위해서는 여름철 무더위에 대처할 수 있는 농장의 시설보완과 농장주들의 세심한 노력이 필요하다”고 덧붙였다.\t\t']"
18,‘간편조리세트’ 식품유형 신설은 바람직하지만,http://www.aflnews.co.kr/news/articleView.html?idxno=74571,2020.07.14,"['\r\n\t\t\r\n\t\t\t농협 축산경제는 지난 12일부터 나눔축산운동의 일환으로 구제역 발생으로 피해를 입은 농가의 가축 입식을 지원키 위해 1억2600만원 상당의 송아지를 지원하고 있다.   그 일환으로 지난 12일에는 경기 김포시 월곶면에서 남성우 농협 축산경제대표 등이 참석한 가운데 피해 농가에 송아지 4마리를 전달한데 이어 강화, 포천, 연천, 충주, 청양 등 구제역 피해를 입은 6개 시·군 지역의 피해 농가 중 경제적 형편이 어려운 축산농가를 선정해 입식을 지원키로 했다.    이번에 지원하는 나눔축산운동 성금 1억2600만원은 지난해 하반기부터 농협 축산경제 임직원들이 자발적으로 급여의 일부를 십시일반 모금해 조성했다.   남성우 농협 축산경제대표는 이날 전달식에서 “이번에 지원하는 가축이 피해규모에 비하면 적은 마릿수이지만 피해농가들에게 희망과 용기를 주는 소중한 불씨가 되길 바란다”고 밝혔다.  ']"
19,"농식품부-농기평, 8일 ‘푸드테크 포럼’ 개최…온라인 생중계",http://www.aflnews.co.kr/news/articleView.html?idxno=74497,2020.07.07,"['\n  - 농협법, 제대로 된 대책없이 조기처리만 급급     무분별한 부동산 PF 대출 2개 중 하나는 손해  국회 농림수산식품위원회는 지난 8일 농협중앙회 2층 중회의실에서 농협중앙회 국정감사를 실시하고 임직원 기강 해이로 인한 금융사고 발생, 부동산PF 부실의 심각성, 무분별한 성과급 지급, 채소 수급안정을 위한 농협의 역할 강화 등 농협 사업과 관련한 주요 문제점을 질타하고 조속한 대책 마련을 촉구했다.  이날 국정감사를 통해 국회 농림수산식품위 의원들이 제기한 주요 사항을 살펴봤다.  <편집자주>    길경민    박유신  # 확실한 담보 없는 농협법 개정  농협법 개정과 관련해 정부와 농협중앙회 모두 부족자본금 확충, 보험 및 조세특례 등의 문제에 대한 확실한 대책 없이 조기 처리에만 급급한 게 아니냐고 지지부진한 농협의 태도가 도마 위에 올랐다.  류근찬 의원(자유선진, 충남 보령·서천)은 “농협이 국회의 농협법 처리지연을 발목잡기로 폄하하는 듯한 태도를 보인 것은 잘못된 것”이라고 유감을 표시하고 “정부와 농협이 제대로 된 대책을 만들어왔으면 바로 통과시켜 주었을 것”이라고 지적했다.  류 위원은 “농협의 현재와 미래에 엄청난 영향을 미칠 수밖에 없는 중차대한 문제인 농협법 개정을 ‘선통과 후보완’이라는 말만 믿고 통과시키는 것은 농협과 농민, 조합원을 위해서도 결코 바람직하지 않은 일”이라고 주장했다.   김효석 의원(민주, 전남 담양)은 “경제사업에 대한 확실한 최소 필요 자본금 규정이 과연 설정돼 있는지 의문인데 기재부에 확인해보니 공식적인 확인이 없었다. 과연 정부가 6조원의 부족자본을 대준다는 게 나온 것인가”고 따져 물으며 “해법도 없이 국회에 와 목 메다는 게 과연 맞는가”라고 질책했다.  정해걸 의원(한나라, 경북 군위·의성·청송)은 “사업구조개편 논의가 난항을 겪으면서 120명이나 되는 농협 구조개혁추진단 직원들이 부서에 복귀도 못하고 개점 휴업상태”라고 지적했다.  # 배추 수급불안정 농협이 나서야  배추값 폭등으로 촉발된 채소 수급안정을 위한 농협의 역할강화를 촉구하는 의원들의 집중적인 요구가 이어졌다.   송훈석 의원(무소속, 강원 속초)은 “농협이 배추 인터넷 예약판매를하고 있는데 인터넷을 못하는 이들은 어떻게 하라는 것인가”라며 “서민들을 위한 많은 배려가 필요하다”고 지적했다.   송 의원은 특히 “군납농가가 큰 피해를 보고 있음에도 중앙회는 과연 손실액은 얼마나 되는지 아냐”고 따지며 “결국 단가조정을 할 수밖에 없는데 적극적으로 방사청과 협의해 단가조정을 해 나가고 군납품 매뉴얼도 바꿔 농가의 손실이 없도록 해야한다”고 강조했다.  강석호 의원(한나라, 경북 영양·영덕·봉화·울진)도 “농협이 다양한 출하안정사업을 추진하고 있다고 알고 있으나 가격 폭등시 어떤 조치를 하고 있는지 의문스럽다”면서 “산지유통인의 밭떼기 계약이 잘되는 이유는 농가들이 농협이 제시하는 금액보다 높고, 안전해하고 피해를 줄일 수 있다는 생각이 있기 때문”이라고 따져 물었다.  이어 강 의원은 “물론 리스크가 크고 계절상품이라는 특성으로 노지채소 주산지 조합들이 사업에 한계가 있다는 것은 알고 있으나 중앙회가 열악한 사업여건을 가지고 있는 주산지 조합에 대한 지원을 확대해 개선시켜 나가야 한다”고 촉구했다.  김성수 의원(한나라, 경기 양주·동두천)은 “농협에서 할인된 가격에 배추를 판매하고 있는데 주문물량이 폭주할 경우 물량을 충당할 수 있느냐”고 묻고 “중복구매 등을 방지할 수 있는 대책 마련과 함께 중장기적으로 농산물의 수급안정대책을 마련하는 데 농협의 역할을 다해 달라”고 요청했다.  # 매년 끊이지 않는 금융사고    매년 터지는 농협의 금융사고가 극에 달하고 있는 가운데 사고의 대부분이 내부직원의 횡령인 것으로 드러나 대책마련이 시급하다는 주장이 제기됐다.  윤영 의원(한나라, 경남 거제)은 “농협의 금융사고 현황을 분석한 결과 2007년부터 지난 8월까지 무려 188건의 사고가 발생했으며, 금액만도 248억6300만원에 달하고 있다”며 “특히 사고금액의 34.4%에 이르는 85억1700만원은 회수하지 못하고 있다”고 지적했다.  이와 관련 윤 의원은 “금융사고의 가장 많은 부분을 차지하는 게 내부직원의 횡령으로 2007년 이후 올 8월까지 총 66건의 횡령사건이 발생해 전체사고의 35.1%를 차지했다”고 직원들의 기강 해이의 심각성을 질타했다.   따라서 윤 의원은 “임직원의 윤리의식 제고를 위한 사고예방교육, 엄격한 징계대책 등 사고예방 대책 마련과 함께 사고자 재산조사를 통한 금융자산 가압류 조치 및 세밀한 재산 조사를 실시하는 등 미회수 금액을 빠른 시일 내에 회수 할 수 있는 방안도 마련해야 한다”고 말했다.   # 부동산PF 부실 심각  무분별한 부동산PF 대출에 따른 투자손실의 부담을 조합에 떠넘기는 중앙회의 무책임한 태도가 도마 위에 올랐다.  김우남 의원(민주, 제주 제주을)은 “올 2분기 중앙회의 당기 순이익이 153억원으로 지난해 같은기간에 비해 이익규모가 3분의 1로 줄었고 올 상반기 직원 1인당 생산성도 1114만원으로 신한·외환은행의 15% 수준에 불과하다”며 “이같은 실적부진의 이유는 5037억원의 대손충당금을 적립했기 때문”이라고 지적했다.  김 의원은 “6월 기준 중앙회의 부동산PF 대출 비중이 총자산 대비 4.16%로 시중은행 중 가장 높은 자산을 보유하고 있는 국민은행보다 1.14%가 많은 수치”라고 언급하고 “문제는 2007년 이후 부동산PF 대출수익이 계속 감소했고 지난해부터는 손해를 보고 있는 실정으로 심지어 8월 연재 부동산PF의 손익비중이 49.5%로 PF대출 2개 중 하나는 손해가 나고 있다”고 지적했다.  이에 대해 김 의원은 “지난해처럼 전국 1700개 단위농협에서 1조원의 자본금을 수혈 받아 부실채권이 초래한 손실을 메울 것이냐”며 “중앙회가 원칙도 대책도 없이 무분별하게 벌인 고위험의 투자손실을 아무 연관도 없는 농어민들에게 떠넘기는 것 아니냐”고 질책했다.  # 수조원대 성과급으로 돈 잔치  송훈석 의원은 “2005년 이후 5년간 성과금과 특별성과금으로 1조 8513억원이 지급됐을 뿐만 아니라 비급여성 후생복지 자기계발비 명목으로 3723억원, 자녀학자금으로 1308억원 등이 지급됐다”고 언급하고 “이처럼 중앙회가 겉으로는 임금삭감과 임금동결이라고 밝히고 있으나 실제로는 최근 5년간 수조원대의 성과급 잔치를 벌여온 것은 농민과 국민을 기만하고 우롱했다는 비판을 받기에 충분하다”고 질타했다. ']"
20,"[연구노트] 만병의 원인 활성산소, 검은콩으로 잡자",http://www.aflnews.co.kr/news/articleView.html?idxno=74158,2020.06.11,"['\n  하림이 2015년 사육농가 평균 조수익 1억5000만원 달성을 위해 농가와 함께 노력키로 약속해 화제다.   하림은 지난 14일 전북 전주 코아리베라호텔에서 농가 상생 협약식을 겸해 농가소득 1억5000만원 달성 전략을 발표했다.   하림은 이번 상생 협약을 계기로 병아리, 사료 등 원자재 품질향상을 위해 노력하는 한편 생산성 향상을 위해 축사시설 증개축 및 리모델링 사업이 필요할 경우 시설자금을 융자지원 키로 했다.   사육농가는 하림의 사양관리 매뉴얼을 준수해 생산성 향상운동에 동참하고 계사단위 면적당 계육 생산량을 늘리기 위해 사육환경 개선 프로그램에도 적극적으로 참여키로 했다.    이날 행사에서 이문용 하림사장은 “2015년 사육농가 평균 조수익 1억5000만원을 달성하기 위해 농가와 회사는 상생경영을 통해 윈-윈(Win-Win)할 수 있는 사업구조를 만들어야 한다”며 “하림은 사육생산성 향상을 통해 국제 경쟁력을 확보하고 사육농가의 소득이 지속적으로 증가하는 상생경영을 펼칠 것”이라고 말했다.   하림은 이날 2015년 비전 달성을 위해 평균 사육규모를 5만5000마리에서 8만마리로 늘리고 사육환경 개선사업을 통해 사계절을 제어할 수 있는 전천후계사를 만들겠다는 계획도 발표했다.    또 이번 달 구축된 자체 금융 시스템을 통해 사육농가의 규모화와 사육환경 개선사업을 돕는 한편 상생 경영의 일환으로 사육농가의 고등학생, 대학생 자녀에 대한 장학금 지급사업도 적극 추진할 예정이다.    장창훈 하림 농가협의회장은 이에 대해 “농가협의회가 출범한지 5년이 지났고 그 동안 원거리 농가 물류비 부담제도 삭제 등 농가에게 불합리한 조항 등이 개선됐다”며 “2015년 농가 조수익 1억5000만원 달성을 위한 방향이 맞다고 판단되면 적극적으로 참여하겠다”고 밝혔다.   하림에 따르면 사육농가 협의회가 출범하기 전인 2004년 농가의 연간 평균 조수익은 6600만원에 불과했다. 그러나 2005년 농가협의회 결성이례 ‘2010년 사육농가 평균 조수익 1억원 달성’이란 비전을 위해 농가와 함께 노력한 결과 올 상반기 1억600만원에 도달했다. ']"
21,"실용화재단, 농식품 분야 기술창업 전문 액셀러레이터 지원",http://www.aflnews.co.kr/news/articleView.html?idxno=74037,2020.06.02,"['\n  농협전북지역본부(본부장 김종운)는 지난 6일 1사1촌 자매결연 운동의 내실화 및 활성화를 위해 모범적인 교류를 전개하고 있는 기업 및 단체·마을·지역농협을 선정해 ‘농촌사랑 1사1촌상’ 시상식<사진>을 가졌다.    이번 시상은 ▲기업체 부문에 NH개발 협력업체 협의회(협의회장 이승구) 중소기업진흥공단(이사장 이기우), 국립농산물품질관리원전북지원(지원장 김태곤), (주)동방아그로 전북지점(지점장 김낙응) ▲마을부문에 완주군 신촌마을(영농회장 박은수), 진안군 금지마을(영농회장 이춘식), 순창군 내동마을(영농회장 설동번), 정읍시 북풍마을(영농회장 고경윤) ▲지역농협 임직원 부문에 유옥희 소양농협 조합장, 김문종 진안농협 조합장, 설상섭 금과농협 조합장, 고명규 황토현농협 조합장이 각각 수상했다.    한편 농촌사랑 1사1촌상은 도농교류 우수 결연기업과 마을을 발굴해 시상 격려 하는 제도로 농협전북본부는 지난해에도 우수 결연체 4쌍을 선정 시상했다.    김종운 본부장은 시상식에서 “1사1촌의 상생과 발전을 위해 노력하는 기업, 마을, 농협에게 감사를 드리며 앞으로도 농업·농촌의 발전을 위해 지속적으로 교류활동을 해 줄 것”을 당부했다. ']"
22,이재욱 차관 “식품산업 새로운 성장동력 ‘푸드테크’”,http://www.aflnews.co.kr/news/articleView.html?idxno=74001,2020.05.28,"['\n  논농사와 밭농사로 일궈낸 조사료를 급여하면서 소가 만들어낸 분뇨는 다시 조사료포와 논에 뿌린다. 완벽한 자연순환농법을 실천하며 ‘스마트’한 농법을 실현하고 있는 ‘스마트 농군’ 안규상 대표.  내가 만들어낸 것으로 소를 키우고 소가 만들어낸 것은 내가 가지고 있는 땅에 돌려준다는 그만의 철학은 21세기 축산이 지향하고 있는 방향과 맞아 떨어지고 있다.   애지중지하는 소를 남에게 맡기지는 않는다는 생각으로 스스로 사료를 선택하고 소들의 건강을 체크하는 남다른 그의 소사랑을 들여다 봤다.  # 거듭된 실패 속에서도 5마리로 시작해 130마리로  원래 밭농사와 논농사로 잔뼈가 굵어 온 안규상 대표는 처음부터 자연순환농법이 목표였다. 퇴비를 마련할 목적으로 소를 키우기 시작한 것.  “부업으로 시작했다고 생각했는데 하다보니 욕심이 납디다. 농사를 질 때는 농부였지만 한우를 키우면서는 사업이 되겠다는 생각이 들었습니다.”  특유의 부지런함과 영민함으로 한우사육에 일가견이 생겼다 싶을 즈음에 위기가 닥쳤다. 1990년대 말, 송아지 한 마리가 20만~30만원까지 떨어지면서 이른바 ‘소파동’이 재현된 것.  위기를 이겨낸 그의 방법은 계통출하였다. 값을 제대로 안쳐주고 산업보다는 이익을 생각하는 소 상인에게 소를 넘기기 보다는 농협유통을 통해 계통출하를 하면서 적은 값이지만 안정적인 소득을 구축해 나갔다.   “어차피 일년만 하고 말 것도 아니고 초심으로 돌아가자는 생각으로 욕심을 버리고 그저 이어만나가자는 생각을 했습니다.”  한우에서 본 손해는 논농사에서 상쇄하며 소를 키워나갔다. 망한 사람도 많았고 다른 산업으로 전향한 사람도 많았지만 결국 그 소파동이 계기가 돼 제대로 된 한우 사업을 시작하게 됐다고 생각하고 있다. 실패를 딛고 일어났기 때문에 그와 그의 소는 한층 더 튼튼하다는 것이 그의 말이다.  # 브랜드가 뭔 소용? 내실 있는 경영관리가 핵심  전 보성녹우 생산회장, 전 보성농협 이사, 현 보성한우협회장. 실천형 리더인 그는 앉아서 대접받기 보다는 나서서 욕먹기를 좋아한다.  그의 그런 성격은 농장 곳곳에서 드러난다. 외면보다는 내실을 중시하는 그는 사료를 선택함에 있어서도 유명한 브랜드의 사료를 사용하기 보다는 질이 좋은 중소 브랜드를 사용하고 있다. 물론 대기업 사료를 쓰면서 얻어지는 컨설팅이나 서비스를 받지는 못하지만 대신 싼 가격에 사료를 공급받는다.  “비싼 사료를 쓰면서 얻어지는 서비스들은 소를 편하게 키우는 사람들에게나 필요한 겁니다. 나는 소랑 함께 일하는 게 좋아서 소를 키우는 사람입니다.”  그렇게 선택한 중소 브랜드의 사료로 얻어지는 이익은 대략 전체 경영비의 10% 절감을 가져왔다. 포당 800원 가량 싸기 때문에 사료를 바꾸면서 농장 수익이 눈에 띄게 달라졌다.   대신 소의 건강과 영양상태를 위해 천연생균제를 사용한다. 그나마 이 생균제도 보성군에서 실시하고 있는 생균제 보조사업의 일환이기 때문에 자부담이 25%밖에 되지 않는다. 최소한의 경영비로 최대의 효율을 올리는 경영의 핵심원리를 실천하고 있는 셈이다. 주위에서 그를 ‘스마크 농군’이라고 부르는 데는 다 이유가 있는 것.  # 2만6400㎡ 조사료포, 자급률 높여  경영비를 줄이는 또 하나의 핵심사항은 조사료 자급률을 높이는 것이다.  논농사를 짓고 이후 이모작으로 조사료를 재배하는 1만8150㎡을 비롯해 밭작물까지 재배하면서 총 2만6400㎡의 조사료 재배지에서 라이그라스와 총체보리 등을 재배하고 있다.   “조사료 자급률을 높이는 것은 순전히 제 노동력에 의한 것이죠. 논농사를 짓고 나서 이모작을 하는 것이 쉬운 일은 아니지만 그만큼 경영비가 절감되는 것이 눈에 보입니다. ”  조사료 자급률을 높이면서 일년에 15~20%는 경영비를 절감하고 있다는 것이 안 대표의 말이다. 물론 이 모든 바탕에는 자연순환농업이 자리하고 있다. 소에서 나온 분뇨는 60%이상 자가 조사료포에 뿌려지고 있으며 나머지 40%는 주변 경종농가들에게 나눠주고 있다.  1등급 이상 80%를 상회하는 성적의 비결은 무엇일까. 소에 대한 아낌없는 애정은 기본이다.  “30여년 한우를 키우다 보니 노하우는 절로 생겼지요. 그렇지만 중요한 것은 결국 사료더군요. 농후사료보다는 TMR이나 TMF 급여율을 높이는 것이 성적을 높이는 데는 가장 직접적이라고 생각합니다.”  청결함과 위생은 기본이라고 생각한다. 먼지 한 톨 없는 깨끗한 음수대와 톱밥이 가득 차 보송보송한 우사는 보는 사람까지 놀랍게 만든다. 기본이 돼야 경영을 논할 수 있다고 생각하는 그의 한우 경영은 역시 ‘스마트’ 하다.   △사진설명  1. ‘스마트 농군’으로 이름을 날리고 있는 안규상 대표. 안 대표는 최소 비용으로 최대 효율을 올리는 ‘스마트’한 경영원리를 실천하고 있다.  2. 보성군에서 실시하고 있는 생균제 보조사업으로 지급받는 천연 생균제. 자부담은 25%에 불과하지만 이 생균제를 사용하면서 축사환경이 많이 개선됐다.  3. 늘 ‘보송보송’한 상태를 유지하는 축사바닥은 성덕농장의 자랑거리다. 자연순환농법을 최우선으로 삼고 있는 안 대표는 축사 바닥관리에도 신경을 쓴다.  ']"
23,초기 농식품 기술 창업 기업 성장 지원,http://www.aflnews.co.kr/news/articleView.html?idxno=73832,2020.05.18,['\n- 축산물위해요소중점관리기준원축산물위해요소중점관리기준원(원장 석희진)은 지난 1일 국무총리실 주관 ‘국격제고 및 G20 준비를 위한 생활 질서 선진화 방안’ 일환으로 추진되는 ‘깨끗한 거리 만들기’ 대청소 운동을 본원 직원들 중심으로 기준원 주변 도로 및 안양천변에서 전개<사진>했다.석희진 원장은 “깨끗한 거리 만들기 청소운동이 시작은 작지만 국격을 제고하는 사업에 참여하는 자체로 큰 의미가 있다”며 “주변 시민들과 유대도 강화해 나가고 기준원 이미지도 제고하는 좋은 기회가 될 것”이라고 말했다. ']
24,“푸드테크 산업 활성화 위해 협업생태계 조성해야”,http://www.aflnews.co.kr/news/articleView.html?idxno=73572,2020.04.22,"['\n식물검역협상 타결로 브라질에 채소종자를 미국에 사과를 수출할 수 있는 길이 열렸다.국립식물검역원(원장 박종서)은 지난 16일 무·배추 등 채소종자 8종의 브라질 수출과 사과의 미국 수출을 위한 식물검역요건이 확정됐다고 밝혔다.국립식물검역원은 지난해부터 국내 종자업계와 협의해 수출검역 협상에 주력한 결과, 우리측이 요구한 배추, 무 등 채소종자 8종의 수출검역요건이 이번에 타결된 것이다.앞으로 국내에서 생산된 십자화과 채소종자 배추, 무, 브로콜리, 케일, 양배추, 콜리플라워, 방울양배추, 콜라비 등 8종은 국립식물검역원의 검사를 받은 후 식물검역증명서를 첨부하면 브라질로 수출이 가능하다.사과는 그동안 한 미 검역당국이 세부검역요건을 놓고 협상을 벌인 결과 올해산부터 소독처리를 실시한 국산 사과의 미국수출이 가능하게 됐다.식물검역원은 우리농산물 수출잠재력을 확대하기 위해 올해 미국과 사과·감귤, 브라질과 채소종자 등의 검역협상을 타결한데 이어 파프리카의 중국진출을 위한 검역협상에 주력해 나갈 계획이다. ']"
25,대체축산식품 지불의향 분석했더니... 건강식으로 ‘OK’,http://www.aflnews.co.kr/news/articleView.html?idxno=73279,2020.03.20,"['\n농협대구지역본부(본부장 권중동) 목요직거래장터<사진>가 개장 2년차에 접어들면서 일매 출 2000만원을 꾸준히 넘어서는 등 지역의 대표적인 농산물 직거래 장터로 자리 잡고 있다.    매출액은 전년대비 15%이상 증가했으며 고객수도 매주 1500여명을 넘어서고 있어 이제는 로컬푸드 운동의 모범사례로까지 평가되고 있다.   지난 4월 8일 개장해 매주 목요일 농협 대구 지역본부 주차장에서 열리는 직거래장터는 20여 작목반과 농업인 및 생산농협이 참가해 채소류, 과일류, 곡류, 육류 등 신선한 먹을거리의 원스톱 쇼핑이 가능하다 점이 특징이다.   특히, 축산물의 경우 이동판매가 가능한 특장차량을 대구축협에서 제공 받아 육가공공장에서 매주 신선한 육류를 직접 공급 받기 때문에 소비자의 발길이 끊이지 않고 있다.   권중동 본부장은“목요직거래장터가 이처럼 빠르게 자리 잡은 이유는 당일 수확한 농산물이 출하되고 있어 신선도가 높고 농업인과 생산농협의 직접 참여를 원칙으로 하고 있어 중간 유통 단계를 생략해 시중가 대비 가격이 저렴해 구매자들의 입소문으로 신뢰가 형성 됐기 때문”이라고 평가했다.   올해로 2년째를 맞이하고 있는 목요직거래장터는 단골고객도 점차 늘고 있으며, 인근 식당가 등 고정 구매 고객들은 출하 농업인들과 주문거래를 통해 농산물을 구입하는 등 직거래장터가 확고히 자리 잡아 가는 모습이다.   또한, 지난해 직거래장터의 경험을 발판삼아 올해부터는 주별 초출하 농산물을 선정해 생산농가가 직접 저렴하게 판매, 고객들이 매주 새로운 농산물을 저렴하게 구매할 수 있도록 하고 있다.   농협대구본부는 직거래장터의 활성화를 위해 매주 월요일 팀회의를 통해 금주 출하농산물을 선정하고 인근시장 판매가격을 파악하는 등 계절별 우수농산물을 저렴한 가격으로 직거래 장터에서 판매할 수 있도록 하고 있다.    이외에도 생산자 표시제를 도입해 우수 농산물에 대한 고객의 신뢰도를 높인 것도 성공요인중 하나로 분석된다.    매주 목요직거래장터를 찾는다는 주부 김모 씨(47)는 “장터에서는 구체적인 생산지와 출하농업인까지 표시된 신선한 농산물을 시중보다 20%이상 저렴하게 믿고 구매할 수 있고 또한 지역의 생산농가를 직접 도울 수 있는 보람도 얻을 수 있어 매주 찾게 된다”고 말했다.    한편 농협대구본부 직거래장터는 현재까지 16차례 열려 3억1000만원의 운영실적을 올렸으며 12월 김장철까지 매주 목요일에 계속 열린다. ']"
26,"호주, 건강ㆍ웰빙 트렌드 ‘시리얼’ 시장 성장 이끌어",http://www.aflnews.co.kr/news/articleView.html?idxno=72970,2020.02.21,['\n한국양계농협 조합원과 조합 관련직원들은 지난 13일 농협사료 강원지사를 방문해 양계사료 생산현장을 둘러보았다.<사진>   이번 방문은 지난 4월 주문형 사료 생산과 이용협약 체결에 따라 양계농가에 공급되고 있는 사료 생산현장을 직접 둘러보기 위해 마련됐다.    현장에서 양계농가 조합원들은 안심하고 질 좋은 사료가 꾸준히 공급될 수 있도록 각별히 신경써줄 것을 당부했고 김진식 지사장은 저렴하고 품질 좋은 농협사료 이용에 많은 관심을 가져 줄 것을 당부했다. ']
27,맞춤형 혁신식품ㆍ천연 안심소재 기술 개발 지원,http://www.aflnews.co.kr/news/articleView.html?idxno=72769,2020.02.03,"['\r\n\t\t\r\n\t\t\t한국육류유통수출입협회가 8월부터 돼지고기 가격정보를 제공할 계획이다.   협회는 지난 8일 이사회를 열고 회원사와 육가공업체, 양돈농가, 정육점, 사료업계 등의 대표자와 관계자 등 정보를 필요로 하는 곳을 대상으로 8월 중 돈육가격 정보제공사업을 시작하기로 했다.   정보제공과 관련해 적용가격은 축산물품질평가원 가격으로 경락당일 전국과 지역별(E등급 제외) 규격돈 평균 경락가격(박피·탕박)을 중심으로 할 예정이다.   제공방법은 휴대폰 문자서비스와 협회 홈페이지 서비스를 병행하고 1일 2회(오전, 오후 마감 직후, 단 토요일 미제공)제공하며 축산물품질평가원에서 당일 가격을 받아 협회가 이용자에게 제공하는 방식이다.   박병철 한국육류유통수출입협회장은 “육가공업체와 양돈농가 등 관련업계의 공정하고 신속한 돼지 지육 가격 정보 제공을 통해 돈육 유통시장의 새로운 질서를 확립할 필요가 있다”며 “협회가 추진하는 이번 가격정보사업은 기본적으로 시장의 신뢰성과 공정성을 확보하는 계기가 될 것”이라고 말했다.\t\t']"
28,김종구 식품산업정책관 “식품산업 애로 적극 해결”,http://www.aflnews.co.kr/news/articleView.html?idxno=72664,2020.01.20,"['\n  전라남도농업기술원(원장 박민수)은 ‘생명식품산업 육성 제2차 5개년 계획’을 기술적으로 뒷받침하고 유기·무농약 인증 확대 및 친환경농산물 생산비를 절감하는 기술을 보급하기 위해 자연농업·유용미생물 생산 이용 연찬회<사진>를 지난달 29~30일 2일간 시군농업기술센터 기술보급과장 및 담당자 42명과 농업기술원 관계관 3명 등 45명이 참석한 가운데 개최했다.   전남도는 지난해 ‘친환경농업 육성 제1차 5개년 계획’을 성공적으로 마무리했으며 전남의 친환경농산물 인증 실적은 전 경지면적의 32%를 차지하는 10만5000㏊로 전국 인증실적의 52%를 차지, 명실상부한 친환경농업의메카로 자리 잡아 ‘전남도가 친환경농업’이라는 확실한 이미지를 각인시켰다.   또 올해부터는 그 동안 추진해온 친환경농업기술을 바탕으로 2014년까지 유기·무농약 농산물 인증을 전 경지면적의 45% 까지 확대하는 ‘생명식품산업 육성 제 2차 5개년 계획’을 추진 중이다.   전남도는 소비자들의 친환경농산물에 대한 판매량 증가와 앞으로의 친환경농산물시장 확대 전망에 따라 유기농산물인증은 15%, 무농약인증은 30%까지 확대해 14만㏊에서 유기·무농약인증을 받아 생명산업육성으로 농가소득을 향상시킬 계획이다.   전남도 농업기술원에서는 이를 기술적으로 뒷받침하고 효과적으로 추진하기 위해 자연농업미생물과 유용미생물 생산시설을 시군농업기술센터에 설치하고 공동으로 활용할 수 있도록 할 방침이다.    또 각 시군농업기술센터 업무 담당자에 대해 자연농업기술과 유용미생물 생산이용에 대한 기본교육을 실시하고 먼저 추진하여 효과를 보고 있는 순천시, 곡성군농업기술센터와 경남고성군농업기술센터 등을 벤치마킹 하도록 했다.   김을배 기술지원과장은 “유기·무농약농산물을 생산하기 위해선 미생물 활용이 필수적이기 때문에 내년까지 자연농업미생물 20개소와 유용미생물 생산시설 13개소 등 33개소를 설치, 생명식품산업육성 제2차 5개년계획의 성공적인 추진을 기술적으로 뒷받침하고 전남의 농산물 경쟁력 향상을 위한 생산비 절감을 위해 더욱 노력하겠다”고 말했다. ']"
29,[신년사] 백형희 한국식품과학회장,http://www.aflnews.co.kr/news/articleView.html?idxno=72431,2019.12.27,"['\n  경기남부수협은 금융마케팅 시대를 대비한 공제 마케팅 활성화 전략으로 공제수익 초고속 성장세를 구가하고 있다.  경기남부수협은 ‘2010년 함께 뛰자, 함께 노력하자 Jump Together 1015’라는 조합 자체 슬로건을 내걸고 전 영업점 공제수익 1억원 달성을 목표로 적극적인 공제 마케팅 활성화 전략을 전개해 공제보험사업 판매촉진에 앞장서고 있다.  이 목표를 위해 경기남부수협은 영업점 매일 1건 이상, 직원 매주 1건 이상 공제 신계약을 유치하는 ‘One Day 1 Week’운동을 통한 공제보험 생활화와 조합 공제실적 우수직원 모임인 ‘공갈클럽’을 창립, 육성?지원하고 있으며 자체비용으로 성과 포상금을 지원하는 등 조합 자체프로모션을 적극 실시하고 있다.  경기남부수협은 지난해 공제수익 16억5000만원으로 회원조합 전국 최고 수익실적을 거뒀으며 지난 16일 현재 지난해동기대비 40% 증가한 공재수익 10억원을 돌파한 상태다.  이상선 공제보험과 과장은 “우리 경기남부수협은 공제수익이 실질적으로 조합 경영수지 안정에 기여할 수 있도록 과거와 달리 개인별, 영업점별 공제수익 위주의 목표를 부여 관리함으로써 공제수익이 급신장하고 있다”며 “올해는 공제수익 22억 이상 달성을 확신한다”고 전했다. ']"
30,식품저널 선정 2019년 식품산업 10대 뉴스,http://www.aflnews.co.kr/news/articleView.html?idxno=72397,2019.12.26,['\n농협경북지역본부(본부장 최종현)는 지난 18일 오전 본부 앞 광장에서 한우자조금관리위원회와 공동으로 ‘우리축산물 안심하고 드세요’라는 슬로건을 내걸고 우리축산물 소비촉진 캠페인<사진>을 가졌다.  이날 행사에는 농협경북지역본부 임·직원과 이른 시간임에도 불구하고 우리 축산물에 대한 사랑과 지대한 관심으로 많은 소비자들이 참석해 한우로 만든 제품을 시식을 하면서 소비자와 임·직원간의 우리 축산물에 대한 궁금점과 자랑거리에 대해 견해를 나눴다.   ']
31,"맞춤형ㆍ특수 식품, 간편식품 등 5대 식품분야 육성",http://www.aflnews.co.kr/news/articleView.html?idxno=72136,2019.12.04,"['\n  쌀 생산농민의 2명중 1명은 쌀 농가소득보장을 위한 대책이 먼저 마련된 후 쌀 중도관세화 여부를 결정하겠다는 입장을 보인 것으로 나타났다.  이는 한국농업경영인중앙연합회가 지난 3월~5월 사이 3차례에 걸쳐 쌀 생산농민 1958명을 대상으로 실시한 ‘쌀 조기관세화 찬반, 현장 농업인 여론조사’ 결과에 따른 것이다.  여론조사결과에 따르면 조기관세화 찬반을 묻는 질문에서 대책선결여부에 따라 결정하겠다는 답변이 48.2%인 943명으로 가장 많았고, 지금 당장이라도 찬성할 수 있다는 답변은 467명(23.9%), 반대의견은 504명(25.6%)으로 조사됐다.  관세화 이전에 선결돼야 할 대책으로는 쌀직불금 단가상승이 25.5%로 가장 많았고, 다음은 쌀 직불금 제도개선으로 쌀 직불금의 정책적 개선이 필요할 것으로 보인다고 응답했다.  또 가공산업을 통한 쌀 수요 다각화, 전작 등을 통한 과잉문제 해결이 뒤를 이었다.  조기 관세화 반대 의견에 대한 이유로는 관세화 전환에 따른 수입물량 확대에 대해 가장 우려하는 것으로 나타났으며, 원산지 표시 위반 등 둔갑판매에 대한 우려, 도하개발아젠다(DDA) 협상 등 향후 통상협상과정에 악영향을 미칠 수 있기 때문의 순으로 조사됐다.  한편 찬성에 대한 이유는 쌀 재고량 감소를 위함이 36%로 가장 많았다.  이 같은 여론조사결과는 의무수입물량 증량을 막기 위해 쌀 관세화 논의는 필요하되, 쌀산업종합대책이 마련돼야 농업인들의 이해와 설득이 가능하다는 것으로 풀이된다.  강우현 한농연 회장은 “정부가 쌀 관세화와 관련해 성의있는 대책을 내 놓는다면 적극적으로 논의에 참여하고, 결과에 따를 것이지만 대책 없이 쌀 관세화의 실익 여부만 가지고 논의한다면 정부와 모든 협의 거부는 물론 현장 여론에 따라 강력 대응할 것”이라고 밝혔다. ']"
32,식품전문가들이 보는 2020년 식품산업 3대 이슈는?,http://www.aflnews.co.kr/news/articleView.html?idxno=72086,2019.11.29,"['\n  최근 농산물 가격이 큰 폭의 하락세로 돌아섰다.   서울시농수산물공사는 최근 기상여건 호조와 더불어 대부분의 품목이 재배범위 확대로 수급상황이 개선되었다고 밝혔다.   특히 오이, 호박, 고추 등 과채류의 가격하락세가 두드러졌는데 이는 재배주기가 짧은 특성상 기온상승의 영향이 크게 작용한 것으로 분석된다. 일반 시민들의 소비량이 가장 많은 품목인 배추는 전월에 출하가 지연된 봄배추 물량이 일시에 터지면서 하락폭이 크게 나타났다.   반면 지난달은 각종 행사와 나들이객 증가로 인해 외식수요가 가장 많은 기간으로써 요식업체의 소비 비중이 높은 서양채소류, 양배추, 당근 등의 가격은 강세를 보였다. 또 무는 재배면적 감소와 봄무 작황부진 및 출하지연 등으로 강세가 지속되고 있다.   이와 함께 제철 과채인 참외, 수박 등은 4월 최고시세를 보인 이후 최근 물량증가로 하락폭이 크게 나타나고 있으며, 국내산 저장과일 사과, 배 등은 공급이 원활하게 이루어져 평년 수준의 가격대를 형성 중이다.   다만 햇과일 물량이 부족하고 상품성도 낮은 편이어서 수입과일 수요가 증가하면서 수입 오렌지 가격은 비싸졌다.  ']"
33,‘2020 식품외식산업 전망대회’ 성료…글로벌 푸드 트렌드ㆍ혁신상품 선보여,http://www.aflnews.co.kr/news/articleView.html?idxno=72085,2019.11.29,"['\n농협 하나로클럽 신촌점이 지난 4일 서울 마포구 노고산동에 개장했다. 하나로클럽 신촌점은 매장면적이 2,180㎡ 규모인 슈퍼슈퍼마켓(SSM)급 매장으로 농축산물 및 식품전문 판매장이다. 이날 개점식에 참석한 이덕수 농협중앙회 농업경제대표이사 등 내빈들이 매장을 둘러보면 농산물을 살펴보고 있다. ']"
34,2020 식품ㆍ외식산업 트렌드는?…28일 전망대회 개최,http://www.aflnews.co.kr/news/articleView.html?idxno=72058,2019.11.27,"['\r\n\t\t\r\n\t\t\t제주 구좌농협(조합장 부인하·사진)이 지난달 31일자로 창립 39주년을 맞이했다.  구좌농협은 농업·농촌의 발전과 농업인의 소득향상 및 권익증진을 위해 다양한 사업을 추진하고 있는 가운데 농협중앙회로부터 2006년 농산물품질경영 대상, 2007년 농산물유통개혁 대상을 수상한 바 있으며, 2009년에는 예수금 1000억원 달성, 월동무 대미 수출 등을 추진해 판매사업도 300억원을 달성하는 등 농협사업 신장에 크게 기여했다.  특히 산지유통센터 운영활성화를 위해 지난해에 이어 올해도 저온저장시설 확충과 주유소 신설사업을 추진으로 농가의 애로사항을 해결해 나가는 등 농업소득과 함께 조합원의 삶의 질 향상에 매진하고 있다.  또 구좌지역의 핵심작목인 당근산업 발전을 위해서 당근재배 및 출하과정과 효능 등 영상광고를 제작, 서울을 중심으로 소비자에게 적극적인 홍보 마케팅을 추진하고 산지당근공선출하회 및 작목반조직 내실화·활성화를 도모해 산지 경쟁력을 지속적으로 높여서 안정적이고 지속 가능한 산업으로 발전시켜 나갈 계획이다.  부인하 조합장은 “올해 새롭게 임기가 시작되는 해인만큼 조합 경영에 있어서도 ‘투명경영, 공격경영, 책임경영을 실천하고 지역에서 생산되고 있는 모든 농산물의 품질향상과 적극적인 수출확대를 통해 가격 안정화를 도모해 농가소득 증대는 물론 조합원 중심의 농협경영, 조합원의 삶의 질 향상을 위한 복지사업을 점차 확대해 나가겠다”고 약속했다. ']"
35,GLOBAL TREND 섬유소의 건강기능성,http://www.aflnews.co.kr/news/articleView.html?idxno=71916,2019.11.14,"['\r\n\t\t\r\n\t\t\tT.S.엘리엇이 4월은 잔인한 달이라고 했던가? 2010년도 절반에 가까운 6월로 접어드는 길목에 있지만 여전히 잔인한 달 4월에서 벗어나지 못하고 있는 국내 축산농가들에게 또 하나의 복병이 나타났다. 지난 4월 발생한 구제역으로 여타의 모든 활동을 중단한 채 방역에 올인 해 온 축산업계에 또 하나의 복병은 ‘축산물 가격 하락’ 전망이다. 50여일을 하루도 쉬지 못하고 구제역과의 전쟁을 치러 온 축산농가들이 숨 돌릴 겨를도 없이 6월 이후에는 축산물 가격 하락이라는 파고를 맞게 된 것이다.   지난 25일 한국농촌경제연구원 농업관측센터가 발표한 축산관측 여름(6월)호에 따르면 한육우, 돼지, 육계, 산란계 모두 가격이 하락할 것이란 전망이다. 한육우는 수요 감소와 출하물량 증가가 예상돼 6~8월 한우 암소 산지가격은 600kg기준 전분기보다 하락한 540~560만원, 수소는 510~530만원, 수송아지 가격은 220~240만원에 형성될 전망이다. 더욱이 구제역 발생에 따른 이동제한으로 출하지연 물량이 많아 일시 출하되면 가격하락폭은 더욱 커질 수 있을 것으로 예고되고 있다.  돼지 또한 사정은 마찬가지다. 모돈 수 증가와 폐사율 개선으로 사육마릿수가 늘면서 7월 이후 돼지 지육가격은 전년보다 하락할 것으로 예상된다. 특히 9월 사육마릿수는 사상 최대치인 1008만 마리에 이를 것으로 전망돼 추석이후 가격 하락폭은 더욱 클 전망이다.  육계와 계란가격 전망도 어둡기는 마찬가지다. 6월 육계 산지가격은 kg당 전년 동월(1939원)보다 크게 하락한 1500~1700원에 형성될 전망이다. 오는 7, 8월에도 도계마릿수 증가로 전년 동기 보다 낮은 1700~1900원, 1600~1800원에 각각 형성될 것으로 예측됐다.  생산량 증가가 예상되는 계란가격도 특란 10개 기준 6~8월 평균가격은 7.5~17.2% 하락한 950~1150원대가 될 것이란 전망이다. 이에 따라 이달 들어 생산자단체들의 가격하락에 대비한 논의도 본격화되기 시작했다. 대한양돈협회가 최근 하반기 돈가 전망과 함께 대책을 논의했으며, 대한양계협회도 계란유통구조개선을 위한 T/F를 구성하고 생산조절 방안에 대해 논의하기 시작했다. 예고된 6월 이후 가격하락에 대비하기 위한 관련단체들의 움직임이 시작된 것이다.   지난 19일 일본의 TV방송 2개 매체가 구제역과 관련 한국의 신속한 대처를 취재하기 위해 하영제 농림수산식품부 제2차관을 인터뷰한 바 있다. 초반대처 미흡으로 구제역이 크게 번지고 있는 일본과 달리 한국은 신속히 대처해 마무리 단계에 있다고 판단한 것이다.  일본에서 벤치마킹하러 올 정도로 구제역 조기 종식을 위해 범축산업계가 신속히 나섰던 것처럼 이번에는 6월 이후 축산물가격 하락에 대비한 범축산업계의 노력이 필요할 때다.   생산자단체, 업계, 정부 모두 각자의 위치에서 6월 이후로 예고된 축산물가격 폭락에 대비한 올인을 기대한다.     <김선희 축산팀장> ']"
36,유럽 유기농 식품이 한 자리에…19~20일 서울서 전시상담회,http://www.aflnews.co.kr/news/articleView.html?idxno=71878,2019.11.12,"['\n도축장 구조조정이 지지부진하다.구조조정이 본격 시행된 지 1년 6개월이 지났지만 구조조정자금을 받고 폐업한 도축장은 전국 86곳 중 현재까지 2곳에 불과한 것이다.사업시행 초기인 점을 감안하더라도 정부의 강력한 구조조정 의지가 부족한 데다 구조조정 자금 외에는 별다른 유인책이 없어 참여하려는 업체들의 움직임도 더딘 상황이다.위생적이고 안전한 축산물의 생산과 공급을 목적으로 추진되고 있는 도축장구조조정.가동률저하, 무분별한 도축수수료 경쟁과 노후화된 시설에 따른 도축품질저하 등 그동안 도축업계가 안고 있던 구조적인 악순환의 연결고리를 끊고 국내 축산업의 발전에 기여할 도축장 구조조정이 출발부터 삐걱대고 있어 대책이 시급하다.한·미, 한·EU FTA를 대비한 국내 축산업의 선진화와 도축업계 스스로의 경쟁력 제고 등을 위해 이제는 피할 수도 멈출 수도 없는 도축장 구조조정, 출발부터 그 변화의 기로에 섰다.# 구조조정, 시행초기 지지부진도축장구조조정은 2008년 6월 13일 도축장구조조정법이 공포돼 같은 해 12월 14일부터 도축장구조조정추진협의회가 발족되면서 본격적인 시행에 들어갔다.도축장구조조정법은 도축장의 경영개선을 통해 위생적이고 안전한 축산물을 생산·공급하기 위해 17대 정기국회에서 의원발의로 제정됐고 도축장경영자 스스로 구조조정자금을 조성한 후 폐업을 희망하는 업체에 영업보상금을 지급하는 것을 주요 내용으로 하고 있다.하지만 시행초기부터 구조조정이 과연 계획대로 진행될까하는 의구심이 곳곳에서 제기되고 있다.(사)도축장구조조정추진협의회에 따르면 국내 도축장은 올 들어 지난 1월말 현재 모두 83곳으로 파악되고 있다.구조조정이 본격 시행된 지 1년 6개월간 구조조정자금을 받고 폐업한 도축장이 전국적으로 2곳(경기 신원(주), 강원 (합)영월축산기업)에 불과하기 때문이다. 경매가 진행됐던 경남의 B업체는 도축장 구조조정 자금을 받지 못했다.정부는 지난해 전국적으로 7개 도축장을 구조조정 하겠다고 밝혔지만 2곳에 그쳤고 올 해는 10개를 목표로 하고 있지만 아직 이렇다할 결과가 없는 상황이다.# 도축세 폐지 구조조정 영향 미칠까지방세법이 개정되면서 2011년부터는 도축세가 폐지된다. 이에 따라 그동안 도축세를 받아오던 일선 시군은 세입감소로 타격이 예상되고 있다.실제 경기도의 경우 도축세를 받고 있는 부천시 등 11개 시군의 세입이 내년부터 117억 원 감소할 것으로 분석됐다.이 같은 도축세 폐지는 도축장구조조정과 맞물리면서 그동안 구조조정을 가속화시킬 것으로 전망됐지만 오히려 구조조정을 막는 걸림돌이 될 수도 있다는 지적이 제기되고 있다.심상인 도축장구조조정추진협의회전무는 “도축세가 폐지되면 돼지의 경우 돼지 도축 수수료가 마리당 1만5000원 가량에서 지역에 따라 1만2000원대까지 떨어지는 요인이 발생하면서 오히려 수수료 경쟁을 촉발할 수 있다”며 “소규모 도축장을 중심으로 수수료를 놓고 덤핑경쟁과 인상경쟁이 번갈아 발생할 수 있어 구조조정이 더욱 어려워질 수 있다”고 말했다.하지만 도축세 폐지에 따른 지자체별 행정제재가 현재보다 강화될 경우 도축장 운영이나 위생 기준 등을 제대로 충족하지 못하는 업체는 설 자리를 잃을 가능성이 높다.# 중부권 중심 구조조정 바람 불까국내 도축장 현황을 살펴보면 서울 농협서울공판장과 부산 동원산업(주), 대구 신흥산업(주), 인천 삼성식품(주), 광주 삼호축산(주)과 삼국산업, 대전 장원식품, 울산 삼와산업과 한축산업, 제주 제주축협공판장 등 서울과 특별자치도, 광역시권이 모두 10곳이고 경기 11곳, 강원 8곳, 충북 10곳, 충남 8곳, 전북 10곳, 전남 8곳, 경북 9곳, 경남 9곳 등 전국 8개 도에는 모두 73곳의 도축장이 산재돼 있다.이런 가운데 도축장이 몰려있는 중부권을 중심으로 치열한 경쟁이 불가피할 것으로 보인다.경기와 강원, 충남북 4개 지역은 도축장 37개가 몰려 있는 데다 올 해 중으로 서울공판장이 충북 음성으로 이전되면서 규모화된 기존 도축장들과 도축물량 확보를 놓고 사활을 건 경쟁이 예상된다.이는 이들 지역과 가까운 중소규모 도축장들에 연쇄적으로 영향을 미칠 공산이 크다. 이미 일부에서는 급냉시설과 예냉시설 추가확보 등 시설현대화에 착수했거나 추가적인 시설현대화를 계획하는 등 차별화를 시도하고 있다.특히 업계에서는 (주)한국냉장과 (주)강원LPC 등을 계열사로 거느리고 있는 이지바이오와 (주)팜스코를 필두로 충남북, 전북, 경기권 등에서 도축장 M&A 등을 시도하고 있는 하림의 움직임과 파급력을 분석하느라 분주한 모습이 감지되고 있다.업계 전문가들은 국내 도축장이 축산물종합처리장(LPC)계열과 농축협계열, 지역별 중규모 이상을 중심으로 재편될 것으로 전망하면서 전국적으로 도축장 30개 이내가 경쟁력을 갖고 발전할 수 있는 적절한 규모라고 판단하고 있다.김호길 한국축산물위생처리협회전무는 “도축업계가 시설을 현대화하고 표준화하면서 안전하고 위생적인 도축을 해야 한다”며 “이를 위한 경쟁력을 확보하기 위해서는 전국적인 도축상황을 볼 때 30개 이내의 도축장이 경쟁하는 것이 국내 축산업을 발전시키는데 효율적이고 바람직하다”고 말했다.\xa0 ']"
37,‘2019 대한민국식품대전’ 23일 개막,http://www.aflnews.co.kr/news/articleView.html?idxno=71585,2019.10.18,"['\n농림수산식품부는 젊은 주부와 싱글족들을 위한 ‘쌀과 함께 하는 건강생활 프로젝트 참 쉬운 쌀가루 요리’를 발간했다.  이 책은 웰빙 먹거리 ‘쌀가루’를 손쉽게 활용할 수 있는 53가지 레시피를 담았으며, 간편하게 먹을 수 있는 일품요리, 매일반찬, 베이킹, 이유식, 간식, 쌀국수까지 다양하게 소개하고 있다. 또한 쌀가루 마니아 슈퍼맘 이승연의 인터뷰‘ 맛과 멋을 살리는 쌀가루 응용팁’과 아이의 오감을 자극하며 건강한 식습관을 길러줄 교육래시피 ‘친환경 하린망의 쌀가루 키즈쿠킹’ 등이 실려있다.  이 책은 ‘쌀과 함께하는 건강생활 순회강좌’와 쌀가루 판매 온·오프라인 매장을 통해 배포되며, 농식품부 및 농촌정보문화센터 홈페이지(www.cric.re.kr)에서 e-book으로도 볼 수 있으며, 개인적으로 받아보기를 희망할 경우 www.foodjoa.co.kr의 쌀가루레시피 신청하기를 통해 공급할 예정이다.  농림수산식품부 식량정책과 임정빈 과장은 “그동안 우리쌀이 비만의 주범 탄수화물 덩어리로 잘못 인식되어 있는데 사실 쌀은 각종 영양소가 완벽하게 균형을 이룬 건강 식품이라는 점을 강조하고 현대인의 일상생활을 돕기위한 마음에서 이 요리책을 발간하게 되었다”고 밝혔다. ']"
38,[연구노트] 생명의 활력을 깨운 발아콩,http://www.aflnews.co.kr/news/articleView.html?idxno=71488,2019.10.10,"['\n  산림조합중앙회 목재유통센터 동해사업소는 동해, 삼척지역 일반인 및 학생들을 대상으로 국산목재를 이용해 직접 목 공예품을 만들어보는 ‘다양한 목공교실’을 개최한다.  오는 11월까지 총 34회에 걸쳐 1200여명을 대상으로 운영하는 목공교실은 지난달 27일과 28일 동해 삼화초등학교 6학년 학생들과 동해지역 초?중등학교 교사들이 참가한 가운데 책꽂이를 만들었다.  목공교실은 일반인 뿐 아니라 미래의 우리 숲을 가꾸고 보전해 나갈 주역인 초등학생들이 우리나무를 직접 보고, 느끼고, 개성있는 작품들을 만들어 봄으로써 나무의 활용에 대해 이해하고 산림의 소중함과 고마움을 인식할 수 있도록 하는 친환경 교육프로그램이다.  2007년 첫 행사를 시작한 이래 지난해까지 총 86회 3000여명의 일반인과 학생들이 참여했으며, 다양한 교육프로그램으로 참여자들의 호응도가 높아 올해는 참여인원을 확대하고 더욱 다양하고 알찬 프로그램으로 진행할 계획이다. ']"
39,"정부-업계, 곤충식품산업 성공전략을 모색하다",http://www.aflnews.co.kr/news/articleView.html?idxno=70269,2019.06.12,"['\n  전북 고산농협(조합장 국영석·사진)과 장수농협(조합장 김창수·사진)이 농산물유통개혁대상 수상농협으로 선정돼 농협중앙회장 상패와 함께 유통활성화 무이자자금 5억원씩을 지원받는다.  고산농협은 딸기, 수박, 단호박, 방울토마토 등 주요 작목별로 조합원을 모집해 공선출하회를 결성하고 참여농가가 출하한 농산물을 공동선별 및 공동계산을 실시, 품질경쟁력을 높이고 독자 개발한 ‘고산향’ 브랜드로 소비지시장에 출하해 농가 수취가격제고에 앞장섰다.   특히 농산물의 저장, 집하, 선별, 소포장을 위한 산지유통센터에 급식용 전처리시설, 친환경 벼 건조저장시설을 설치해 부가가치를 높여 전년 대비 63% 높은 성장을 달성했다.  또한 농산물의 판로확대를 위해 학교(단체)급식을 추진해 완주군 관내 25개교에 친환경농산물을 공급하고 서울 서대문구의 유치원, 초등학교 등 27개소에 무농약 쌀을 납품했다.  특히 육군 35보병사단 예하 30개 부대 및 공군부대에 농수축산물, 김치, 기타가공식품 등 265개 품목을 현금구매 방식으로 납품하는 등 농산물판로 확대와 농가소득증대에 기여한 공로가 인정돼 수상농협으로 선정됐다.  장수농협은 지역의 특화작목인 사과의 재배·출하상 조생종에 치우친 문제를 해결하기 위해 76개 농가를 공선출하회로 조직해 단기간 홍수출하에 따른 인력난, 자재 품귀현상, 집중출하에 따른 가격하락 등의 방지에 이바지 했다. 사과, 한우 등 일부 품목에 집중되어 있는 지역 내 농업구조를 개선하고 토마토 유리온실 농가의 연작으로 인한 병해를 방지하기 위해 소득 작목으로 6개 농가에 새로이 파프리카의 입식을 시도해 공동선별, 공동계산을 통해 71톤을 일본으로 수출은 물론 장수 남부지역의 주요 작목인 쌀 판매를 활성화하기 위해 지역내 공공기관, 단체와 협력하여 연고자 판매와 택배판매를 역점적으로 실시했다.  이와함께 지역 특산품 사과의 판매선 다변화를 위해 2006년 이마트, 2009년 홈플러스 등 대형유통업체에 납품(2009년 21억원)을 시작했으며 배, 쌀을 혼합한 신상품을 개발해 출하하는 등 분산출하로 관내 농산물 가격 지지를 통해 농가의 소득증대에 크게 기여한 점이 인정돼 농산물유통개혁대상 수상농협으로 선정됐다. ']"
40,미리 보는 ‘2018 대한민국 식품대전’,http://www.aflnews.co.kr/news/articleView.html?idxno=67970,2018.10.08,"['\r\n\t\t\r\n\t\t\t며칠 전 강원도에 눈이 오더니 지난 8일에는 기습적인 폭우가 내렸다. 기상이변이라지만 가을 폭우는 그리 흔한 것이 아니다. 예상치 못한 신종플루로 민심은 어수선한데 지금 농촌현장이 또한 심각한 국면으로 치닫고 있다. 쌀 때문이다. 없어서 한이던 그 쌀이 지금 지천이 되어 문제라는 것이다.   오르는 물가와 인건비를 감안해 해마다 가을이면 조금씩은 오르던 것이 올해는 갑자기 15~20%나 폭락해 농심을 울리고 있다. 수급불균형에 역계절진폭 때문이라지만 농민들은 그런 복잡한 용어 설명보다는 내가 노력한 만큼 상식의 선에서 쌀값이 보장되어야 한다는 것이다.  농기계 값 농약 값에 인건비 등 세상물가가 다 오르는 속에서 농사를 지었는데 어째서 유독 쌀값만 5만3000원하던 것을 4만5000원, 4만3000원을 받아야하느냐는 항변은 일리가 있다.  ‘풍년속의 기근’이라는 말은 있지만 올 가을 상황은 심각한 수준이라고 밖에는 달리는 할 말이 없다. 지금 지역현장에서는 도청, 군청, 농협을 가리지 않고 청사에 나락더미가 점령하고 있다. 충남지역만 보더라도 농협충남지역본부를 비롯하여 충남도청, 농협태안군지부, 논산시지부로 점점 확산일로에 있다. 예감이 썩 좋질 않다. 7~8년 주기로 오는 동절기 농민대궐기가 올 것 인가. 이렇게 되면 경종농업의 대반격이라 할수 밖에 없다. 수입 개방 물결에 휩쓸려 품목다운 대접도 못 받고 직불제다 휴경제다 하면서 애물단지 취급받던 쌀 문제가 급기야 곪아 터지고 있다는 지적이다.   정치권이 나서서 농심을 달래야 한다. 본란은 누누이 지적한 바 있지만 농심은 천심이고 농촌은 우리의 고향이며 어머니이다. 어머니가 화가 잔뜩 나서 소두방(솥뚜껑)을 집어던지고 설거지를 왁달박달 소리 나게 하며 그녀의 앙칼진 목소리가 담장 너머로 퍼져갈 때 그 집안이 잘되는 꼴을 보았는가. 농민이 불안하면 국민이 불안해지고 농촌이 어수선하면 나라가 소란해진다.  치본어농 무자가색(治本於農 務玆稼穡) 지금이 농경사회가 아닐지언정 무릇, 치본은 농(農)에 있고 백성의 자질은 때 맞춰 심고, 힘써 일함에 있다. 이것은 진리이다.   여의도광장에 집결한 수만 농민의 고성 속에 넘실거리는 붉은 띠 깃발과 종로통 광화문 명동거리를 휘저으며 경찰과 대치하던 수많은 농민집회 장면이 지금 오버랩 되는 것은 기자의 경험 때문만은 아니리다. 4대강 살리기와 세종시문제만이 화급한 정치적 현안이 아니다.    이 가을 농심을 풀어내야 한다. 쌀라면, 쌀국수, 쌀과자로 풀릴만한 사안이 아니다. 쌀이 왜 넘쳐나는지 원천적 문제점과 통계의 허실도 따져 짚어야 한다. 전체 농축산물의 공급증가, 통계의 사각에 있는 다이어트 대체식품, 국민의 식생활 패턴 변화 등 모든 것이 쌀 수급에 관한 가변적 요소가 된다. 정부와 정치권이 중지를 모아야 한다. 터진 봇물에 휩쓸려 부화뇌동 하는 것이 정치인의 자세가 아니다.  가을은 결실의 풍요한 계절이면서도 쓸쓸한 계절이다. 스타가 열연 한 후 관객이 다 떠난 객석을 내려다보면 허무를 느끼듯, 농민들도 여름엔 땀 흘려서 정신없이 일 했지만 막상 가을걷이가 다 끝난 후 농촌의 고즈넉함과 함께 밀려드는 허허로움을 누가 다 알겠는가. 위로 해 줘야 한다.   현장의 민의를 파악하고 그들의 애로를 경청하여 국사에 반영하는 것이 위정의 상식이다.그리고 정말 수급이 문제라면 그 흔한 ‘위원회’라도 하나 만들어 근본적이고 항구적이 대안을 내 놓아야 한다고 본다.  <김창동 대전충남본부장> ']"
41,식품ㆍ외식산업 2022년 330조 규모로 육성,http://www.aflnews.co.kr/news/articleView.html?idxno=66267,2018.04.02,"['\r\n\t\t\r\n\t\t\t올 상반기 농약, 비료업계 경영성적표는 몇점일까?  지난 14일 금융감독원에 보고된 주요 농약, 비료업계 반기보고서에 따르면 농약업계는 올해 농약값 18%인상 등의 여파로 매출액은 늘었으나 영업이익은 업체별로 천차만별인 것으로 나타났다.  동부하이텍의 경우 작물보호(농약)사업부문 매출액은 2161억1900만원으로 지난해 같은 기간 보다 17.2%가 늘었다. 그러나 영업손익은 466억5100만원으로 11%줄었다.   동부정밀화학의 작물보호사업부문 매출액은 452억9200만원으로 지난해 같은 기간보다 14%가 늘었고 영업손익도 109억6800만원으로 6.9%늘었다.  경농의 매출액은 1380억8624만원으로 지난해 같은 기간 보다 16.7%가 늘었고 영업이익은 338억4534만원으로 11.7%가 늘었다. 동방아그로의 매출액은 1051억5182만원으로  24.7%가 늘었고 영업이익도 230억5291만원으로 16.3%가 늘었다.  성보화학의 매출액도 382억2741만원으로 지난해 같은 기간보다 6.6%늘었으나 영업이익은 68억4394만원으로 8%가 줄었다. 상반기 화학비료업계는 내수시장 위축과 수출물량 급감으로 고전을 면치 못한 것으로 나타났다.   국내 최대 화학비료업체인 남해화학의 경우 매출액은 5864억4300만원으로 지난해 같은 기간보다 15.5%가 줄었고 영업이익도 적자로 돌아섰다. 지난해 상반기에는 1413억1900만원의 영업이익을 낸바 있다.  동부하이텍의 작물영양(비료)사업부문도 매출액은 2520억300만원으로 지난해 같은 기간보다 23.3%늘었으나 영업손익은 187억500만원으로 57.4%가 줄었다.   카프로의 매출액은 3068억2128만원으로 지난해 같은 기간보다 31.7%가 줄었고 영업이익도 33억1370만원으로 90.8%나 급감했다.  KG케미칼의 매출액도 1629억1700만원으로 6.9%가 줄었고 영업이익도 151억3300만원으로 7.3%가 감소됐다.  삼성정밀화학의 매출액은 5242억9300만원으로 4.4%가 줄었지만 영업이익은 504억4600만원으로 18%가 늘었다. 조비는 동종업체 대부분이 고전을 겪은 것과 달리 매출액은 447억4864만원으로 17.1%늘었고 영업이익도 77억7579만원으로 152.9%나 늘었다.\t\t']"
42,2018 글로벌 식품산업 이끌 4가지 키워드는?,http://www.aflnews.co.kr/news/articleView.html?idxno=65490,2018.01.02,"['\r\n\t\t\r\n\t\t\t나주 영산포농협(조합장 박정현)은 최근 친환경 고품질 쌀을 생산해 밥맛이 우수한 프리미엄 영산포 등대쌀을 소비자에게 공급하고 조합원의 부족한 일손을 돕기 위해 토요휴무를 반납하고 임직원 30여명이 참여한 가운데 친환경 쌀 생산단지 조성사업 공동작업단을 조직, 벼 이앙작업 도우미와 왕우렁이를 공급하는 조합원 일손돕기 행사를 실시했다.   박정현 조합장은“화학비료를 절반으로 절감하고 화학농약과 제초제를 사용하지 않고 우렁이 농법으로 고품질 쌀을 생산해 소비자에 공급할 계획”이라며“ 청정한 농촌의 환경을 보전해 후손들에게 물려줘 보다 깨끗하고 살기 좋은 지역과 생산비를 절감, 농가소득증대에 노력해야 한다”고 강조했다.   영산포농협은 올해 친환경 쌀 우렁이농법을 성공시켜 2010년에는 500ha로 늘릴 예정이다.\t\t']"
43,계란 500만개 할인 공급ㆍ닭고기 2100톤 긴급 방출,http://www.aflnews.co.kr/news/articleView.html?idxno=63128,2017.05.24,"['\r\n\t\t\r\n\t\t\t“농민에게 더 가까이 다가가겠다는 의사 표시로 앞으로 작업복을 입고 일하려 한다.” 장태평 농림수산식품부 장관은 지난 5일 기자간담회 자리에서 이 같이 밝히고 “국무회의에도 작업복 차림으로 가겠다”고 덧붙였다.  이명박 대통령이 지난 3일 남태평양 3국 순방길에 첫 목적지인 뉴질랜드 도착 전 공식수행원들과의 간담회 자리에서 강도 높은 농업개혁을 주문하며 장 장관에게 “농식품부 장관은 각료라 생각지 말고 농촌개혁운동가라고 생각하고 일해야 한다”며 양복에 넥타이 차림을 지적한 게 배경이 된 것 같다.  장 장관 역시 “그동안 주말이면 농촌에 가고, 현장 중심으로 행정을 한다고 생각했는데 대통령 이야기를 듣고 나니 농민들이 나를 찾아와 얘기할 때 거리감을 느꼈을 것이라고 생각했다”고 공감의 뜻을 내비췄다.  그러나 이날 장 장관의 작업복 얘기가 대외적으로 퍼지면서 이를 곱지 않은 시선으로 바라보는 이들도 있는 것 같다.  물론 농정의 최고 수장인 장관이 현장의 농심(農心)을 읽고 보다 가깝게 농어민들의 고충을 헤아리기 위해 자신의 의상부터 바꾸겠다는 데에선 가타부타할 여지가 없다.  그럼에도 장 장관의 발언 이후 일부에서는 ‘코미디 같다’, ‘과잉충성 한다’, ‘농식품부 직원은 어디가든 눈에 띄겠다’는 등 비아냥조의 목소리가 나오고 있다.  이 또한 어려워진 농어업 현실과 논란이 끊이지 않고 있는 농정 방향을 빗댄 하소연 일 수 있다.  한 사람의 의상은 그 사람의 겉모습을 넘어 인격이나 품위, 사상 등 복합적인 요소들을 표현한다. 미국 애플사의 CEO인 스티브 잡스의 청바지 차림은 그 자체가 고객과의 소통수단으로 통한다. 달라진 의상만큼 우리 농어업·농어민에 대한 진지한 고민과 정책 개발이 이뤄지길 기대해 본다.  <박유신 농수산식품팀 차장> ']"
44,우리 농식품자원ㆍ한국형 식문화 가치 제고,http://www.aflnews.co.kr/news/articleView.html?idxno=62372,2017.03.10,"['\r\n\t\t\r\n\t\t\t인천축협(조합장 이성권)은 지난달 30일 조합 회의실에서 이기범 농협인천지역본부장, 관내 농협조합장, 전임 조합장을 비롯해 임직원과 대의원 등 100여명이 참석한 가운데 정기총회<사진>를 개최하고 지난해 사업을 결산했다.  이날 이성권 조합장은 “지난해 인천축협은 각종 원자재 급등과 전 세계적인 금융위기로 인한 어려움 속에서도 예수금 2500억원, 상호금융 대출금 2000억원을 달성해 상호금융사업 규모가 5000억원을 눈앞에 두고 있다”면서 “올해는 가정지점을 이전 개점해 새로운 예수금을 추진하는 등 신용사업부문에서 지속적인 성장세를 유지하겠다”고 말했다.   이 조합장은 특히 “올해는 인천축협의 제2도약의 해로 정하고 열린마음과 열린경영으로 인천축협의 미래를 새로이 디자인 하겠다""면서 ""고객만족을 최우선으로 실천하고 마케팅 역량을 확충해 지역내 최고의 금융기관으로 자리매김하고 효율적이고 경쟁력 있는 경영체로 변모해 양축농가 실익증진을 위해 총력을 기울려 나가겠다""고 강조했다.  인천축협은 지난해 사업결과 20억원의 당기순이익을 시현해 이날 총회에서 6억9000여만원을 출자 및 이용고 배당으로 환원키로 의결했다.  ']"
45,HMRㆍ소스 생산하는 후드원 새 공장에 가보니...,http://www.aflnews.co.kr/news/articleView.html?idxno=62294,2017.03.02,"['\r\n\t\t\r\n\t\t\t한국농어촌공사 문경지사(농지은행팀장 지용섭)는 고령농업인에게 새해 희망을 여는 사업으로 경영이양 보조금 제도를 확대·개편했다.  새롭게 확대·개편되는 경영이양 보조금 사업은 고령 농업인의 아름다운 은퇴를 보장하기 위해 고령 농업인이 한국농어촌공사나 젊은 전문농업인에게로 농업경영을 이양하면, 고령농업인의 소득안정을 위해 매월 보조금을 지급하는 연금형태로 제도가 바뀌게 된다.  이를 위해 경영이양 보조금 지급연령도 현행 70세에서 75세까지 최장 10년간으로 지급기간을 늘리고, 매도 중심에서 매도와 임대 은퇴를 동일한 조건으로 해 1만㎡당 월 25만원을 지급하며, 대상 농지도 진흥 지역내 논에서 논·밭·과수원으로 확대되고, 은퇴 후에도 자급을 위해 3000㎡이하의 농지는 경작이 인정된다.  또한, 농업경영에서 은퇴한 고령 농업인들의 농지는 젊고 유능한 전문 농업인들이 맡아 경영하여 한·미FTA 등 수입개방에 대비해 농업부문에 대한 국가 경쟁력을 높일 계획이다. ']"
46,[FOOD & STORY] 가정간편식ㆍ로컬푸드ㆍ저염 & 저당,http://www.aflnews.co.kr/news/articleView.html?idxno=62166,2017.02.20,"['\r\n\t\t\r\n\t\t\t농촌진흥청은 벼논에 헤어리베치 등의 녹비작물을 활용해 화학비료를 절반이상 줄이고 농업생태계를 복원시켜 해충피해 방지도 가능한 친환경농업기술을 개발했다.  지금까지 녹비작물은 푸른 식물체를 흙속으로 넣어 비료공급원 중심으로 써왔는데 농업생태계의 복원기능이 확인된 것은 이번이 처음이다.  일반 논에서 녹비작물의 일종인 헤어리베치를 흙속으로 되돌려준 결과 첫해에는 거미 1종 정도가 서식했지만 2년간 연속적으로 환원했을 때는 거미, 개구리 등 7종이, 3년 연속 환원시에는 거미, 무당벌레 등 17종의 천적들이 발견돼 멸구와 같은 벼 해충을 포식하는 천적들이 다양하게 나타났다.  녹비작물의 이같은 생태계 조성 효과는 결과적으로 천적에 의해 해충을 어느 정도 방제할 수 있음을 의미하기 때문에 친환경농업의 측면에서 새로운 역할로 받아들여지고 있다.  특히 최근 참살이(웰빙) 생활에서 안전농산물의 이용이 첫 번째 중요 부분으로 손꼽히는 상황이어서 녹비작물의 친환경적 중요성은 화학비료·농약 대체이상의 큰 의미를 갖는 것으로 평가된다.  강위금 농진청 작물환경과장은 “앞으로 3~4년동안 농업생산자와 소비자 모두가 만족할 수 있도록 화학비료, 농약의 자연대체제 개발에 총력을 펼칠 것”이라고 말했다.\t\t']"
47,2017 농식품 과학기술 미래전망대회 16일 개최,http://www.aflnews.co.kr/news/articleView.html?idxno=62115,2017.02.15,"['\n농촌진흥청은 한국인정기구(KOLAS)인 지식경제부 기술표준원으로부터 농기계 국제공인시험기관으로 인정받고 지난 20일 현판식을 가졌다. 이번 국제공인시험기관 인정획득을 통해 농촌진흥청 시험성적서를 미국, 독일, 영국 등 세계 선진 37개국에서 인정함으로써 국산 농용트랙터의 국제경쟁력이 한층 높아지고, 무역기술 장벽에 적극 대처할 수 있을 뿐만 아니라 국산농기계 수출업체에 큰 도움이 될 것으로 기대된다.  ']"
48,"가정식대체식품 HMR, 영양성분 표시기준 위반 많다",http://www.aflnews.co.kr/news/articleView.html?idxno=61333,2016.11.30,"['\n육계(계육)의무자조금이 대의원을 뽑아놓고 3년 넘게 난항을 거듭하고 있다.   축산물 가운데 가장 손쉽게 자조금을 출범시킬 줄 알았는데, 무엇인가 자꾸 꼬여 아직도 NATO(no action, talk only)상태이다. 한마디로 궁합이 안 맞아 그렇다. 팔자소관으로만 돌리면 되는 것인지 모르겠다.  이 제한된 지면에 교착연속인 계육자조금 문제의 해법을 다 말할 수는 없다. 다만 근원적 문제와 핵심과제라 할 수 있는 세 가지 사항만을 나열해보고자 한다.   그동안 산업과 정부에 이미 다 전해준 말들이다.  첫째, 축산자조금법과 계육산업의 실상이 서로 맞지 않는다. 법에 의하면 육계생산자가 자조금 조성과 운용의 주체여야 하는데 산업구조는 그 주류가 계열(계약생산)체계라서 생산물은 육계 → 계육, 생산자는 사육주체 → 계열주체로 그 실체가 바뀌어져 있는 것이다.   따라서 현행법대로라면 사육농민이 돈을 내고 대의원회와 관리위원회를 거쳐 계육관련 3단체가 운용하면 된다. 그러나 현실은 그리 쉽지 않아 법을 고치든지 다른 대책을 강구해야 할 판이다.  둘째, 계육산업구조와 경영상에 해묵은 문제가 있다. 계약체계가 지배적이라 계열주체와 사육주체 간에 자조금부담, 대표성, 운용주관 등 상충하는 요건들이 너무 많다.   특히 자조금 부담과 대표성이 연계되어 계열체계 자체에 대한 불협화음까지 터져 나오고 있다. 계약조항과 이행이 불공정하고 사육주체는 수탈당하는 관계인 것 같은 감정까지 노출시킨다.   계육관련 단체 간의 이기주의도 없지 않고 산업발전을 위한 지도층과 자조금제도의 추진주체 그룹도 불확실하다.  셋째, 이렇게 법률과 산업의 자조금관련 궁합이 맞지 않는데도, 이 난관을 극복하려는 문제접근 방법과 노력이 적극적이지 못하다. 산업구성원, 산업단체, 정부, 지원부문 모두가 제각각이고 통합된 대안을 도출하려 하지 않는다.   현행법대로라면 사육농민이 자조금을 부담하여 출범시키면 되고, 자조금 원칙에 쫓으려면 산업실정에 맞게 현행법을 고쳐야 한다. 그렇지 않고는 서로 궁합이 안 맞아 사주팔자로 돌리다가 자조금을 통한 산업생존 및 발전의 구심점을 잃을 수도 있을 것이다.  필자는 계육자조금과 얽힌 기본문제점을 정확하게 파악하고 가장 적절한 대책 강구하기 위하여 산업과 정부 공동의 대토론 과정을 거쳐야한다는 점을 몇 해 전부터 강조하고 있다. 첫 단추를 잘못 뀐 자조금법과 산업구조상, 그리고 단체 간의 알력문제를 근원적으로 풀지 않고는 계육자조금은 제대로 추진하기가 쉽지 않을 것이다.   계열체계 하에서 자조금 거출이 가장 용이한 계육부문이 착수조차 못하고 있는 상황이 안타까울 뿐이다.<박영인 한국자조금연구원 이사장> ']"
49,"CJ프레시웨이, 3분기 매출 6065억원…전년동기비 12% 증가",http://www.aflnews.co.kr/news/articleView.html?idxno=61047,2016.11.04,"['\r\n\t\t\r\n\t\t\t- 미래를 위한 첨단 농업! SIEMSTA2008  - 미래를 향한 기술 혁신! 서울국제농업기계박람회  - 아시아 최대 규모의 농업기계전시회, 농림축산업의 경쟁력을 높인다   “새로 나온 농기계 한번 둘러볼까나~”  한겨울을 재촉하는 날카로운 칼바람이 몸을 웅크리게 하는 11월말이지만 서울 COEX에는 새로 개발돼 전시된 농기계와 이를 보기 위해 몰려드는 농림축산인들의 인파로 인해 뜨거운 열기가 뿜어져 나오고 있다.  지난 26일 개막돼 29일까지 서울 삼성동 COEX 태평양홀·인도양홀 전관에서 개최되는 제9회 서울국제농업기계박람회는 농림수산식품부가 주최하고 한국농기계공업협동조합과 COEX가 주관, 첨단 농기계기술에 대한 정보교환과 국내외 기술기반의 농기자재 및 농업기계 등 첨단 기술을 선보이고 있다.  SIEMSTA는 국내 농기계산업의 발전육성과 농업의 전문화·첨단화를 유도하는 한편 첨단 IT산업을 접목한 농업기술개발로의 변화와 혁신을 통해 농산업구조의 개선에 기여할 전망이다. 또한 해외바이어 초청 등을 통해 국내 농기자재 및 농기계 수출시장 개척 및 수출촉진에도 큰 몫을 할 것으로 기대되고 있다.   서울국제농업기계박람회는 아시아 최대 규모의 농기계전문전시회로 지난 2002년에는 UFI(국제전시협회)로부터 국제전시회 공식인증을 획득했으며 박람회의 국제화·전문화·내실화를 통해 국내 농기계 제조업체의 국제적 위상제고에 기여하고 있다. 이번 SIEMSTA2008에는 19개국 178개 업체(해외 18개국 53개사)가 참여해 수도·전작기계, 과수·원예기계, 축산기자재, 농산물가공·포장기자재·농자재, 임업, 에너지절감 및 자동화 분야 등 3077개 품목을 선보이고 있다.   # SIEMSTA2008의 특징은  SIEMSTA 2008은 국제적 행사로서의 위상 강화를 위해 재외공관, 해외무역관과의 협력을 통해 해외바이어에 대한 적극적인 유치를 벌였다. 또한 코엑스 운영사무국에 설치된 BMC(Buyer Marketing Center)를 통해 영어, 일어, 중국어권 바이어에 7362명에 대한 참관마케팅을 진행했으며, 해외바이어 유치지원 프로그램을 운영해 해외 바이어 약 100명에 대해 전시기간 중 숙박비를 전액 지원하고 투어프로그램을 운영한다다. 한편 우리나라 농기계에 대한 적극적인 비즈니스 의사를 밝힌 호주 바이어 사절단을 직접 초청, 11월 28일 코엑스 2층 아셈홀에서 수출상담회를 개최하는 등 수출촉진에 기여할 예정이다  또한 경기침체에 따른 농업계의 참가비 부담을 완화하기 위하여 한국신용평가를 기준으로 중소기업으로 분류되는 참가업체에 대해서는 참가비의 15%를 할인해 주었으며 참가업체의 주차편의를 제공하기 위하여 전시기간 중 코엑스 주차장을 상시로 이용할 수 있는 주차권을 제공하고 있다. 인근 탄천 주차장을 이용할 경우 주차비를 지원하고 박람회장까지 무료셔틀버스를 운행하여 참가업체 및 참관객이 보다 편리하게 박람회장을 이용할 수 있도록 할 예정이다.   이와 함께 박람회에 대한 참관객의 부담을 줄이고 참관객 편의 제공을 위해 10명 이상 단체를 구성해 사전등록을 신청한 농업인을 대상으로 단체참관 지원센터를 운영하고 있다.   # SIEMSTA2008 부대행사  SIEMSTA 2008은 박람회 효과를 극대화하기 위해 다양한 부대행사를 마련했으며 참관객들의 참여를 높이기 위해 경품행사 및 상설 이벤트관도 운영하고 있다.  ▷ 국제농기계 학술심포지엄   한국농업기계학회에서는 COEX 3층 회의실에서 농업기계 에너지 절감기술을 주제로 국제농기계학술심포지엄을 진행한다.    - 기 간 : 2008. 11. 27(목) 14:00  - 장 소 : COEX 3층 장보고홀 334호  - 운 영 : 한국농업기계학회  ▷ 수출 및 바이어 지원센터  중소업체의 제품을 해외에 홍보하고 수출입 상담활동을 지원하기 위해 ‘수출 및 바이어 지원센터’를 운영한다. 내방 바이어의 정보를 제공, 통역(영어, 일어, 중국어)을 지원하고 무역실무를 지원하는 등 상당한 수준의 지원을 통하여 중소기업의 수출 가능성을 제시하고 자신감을 배양시킬 수 있을 것으로 예상된다.  - 기 간 : 2008. 11. 26(수) ~ 11. 29(토), (4일간)  - 장 소 : COEX 1층 인도양홀  - 운 영 : 코엑스, 한국농기계공업협동조합  ▷ 호주 농기계 구매딜러 초청 수출상담회  박람회 참가업체의 수출시장 개척과 비즈니스 활성화를 위해 호주의 농기계구매딜러를 초청, 수출상담회를 개최한다. 상담업체, 품목 및 시간을 정해 1:1로 집중적인 상담을 진행하고 각 상담테이블마다 전담통역인력을 배치하여 상담 효과를 극대화할 예정이다.    - 기 간 : 2008. 11. 28(금)    - 장 소 : COEX 2층 아셈홀   - 운 영 : 코엑스, 한국농기계공업협동조합  ▷ 의료관광 쇼케이스 운영  무공해 고부가가치 산업으로 떠오르고 있는 의료관광을 2008 서울국제농업기계박람회에 도입하여 금번 박람회에 참여하는 해외바이어를 대상으로 의료서비스를 제공한다. 우리나라 최초로 의료관광과 박람회를 연계하여 박람회를 방문하는 해외바이어에게 우리나라의 우수한 의료기술과 인프라서비스를 제공하게 된다.   - 기 간 : 2008. 11. 27(목) 14:00~16:00   - 장 소 : COEX 1층 인도양홀 수출 및 바이어지원센터   - 운 영 : 코엑스   - 내 용 : 국립암센터, 예송이비인후과 음성센터            * 혈압, 혈당, 이산화탄소량 측정           * 청각심리검사, 음역대검사, 성대진동검사 등  ▷ 버스시티투어  높게 솟은 마천루와 함께 옛 왕조의 고궁, 사찰이 함께 살아 숨쉬는 서울을 박람회에 참가하는 외국인들이 색다른 매력과 재미를 느낄 수 있도록 투어프로그램을 운영한다. 버스를 타고 대한민국의 수도인 서울의 미래지향적인 발전상과 어우러지는 전통문화의 멋을 짧은 시간에 체험하는 좋은 기회이다.   - 기 간 : 2008. 11. 28(금) 09:00~13:00   - 장 소 : COEX 1층 북문출발, 서울시내투어   - 진 행 : 코엑스  ▷ 농업기계 교육훈련사업 발전 연찬회  이번 전시 기간 중, 농기계 훈련사업의 활성화를 도모키 위해 농촌진흥청 주최로 농기계 교육훈련사업발전연찬교육을 실시한다. 농기계교육훈련 현장 우수사례 발표 및 순회교육 등을 비교·평가해 농업인에게 양질의 농업기계 교육 훈련 사업을 추진할 예정이다.   - 기 간 : 2008. 11. 27(목)  - 장 소 : COEX 3층 장보고홀 336호  - 운 영 : 농촌진흥청  ▷ 농기계 체험관  인도양홀에서는 전시기간 동안, 농기계를 직접 시운전해 볼 수 있는 농기계체험관을 운영하고 있다. 체험관에서는 신제품 농기계 및 인기 농기계를 참관객이 직접 운전해 봄으로써 신제품 농기계 홍보효과를 확대하고 우수 농기계의 올바른 사용법을 교육한다.  - 기 간 : 2008. 11. 26(목)~11. 29(토) (4일간)  - 장 소 : COEX 1층 인도양홀  - 운 영 : 한국농기계공업협동조합  ▷ 전시참관자 경품지급  한국농기계공업협동조합과 COEX는 COEX 1층에 있는 인도양홀 출구에 경품 응모함을 설치해 매일 추첨을 통해 전시 참관자들에게 경품을 지급하고 있다. 태평양홀 전시장 입구에서 전시참관설문서와 응모권(성명·주소·전화번호)을 배부한다. 응모는 인도양홀 출구에 비치되어있는 응모함에 응모권을 넣으면 접수되고, 전시기간 4일 동안 매일 오후 5시에 공개 추첨을 진행해 당첨자를 발표한다. 이번 행사의 경품은 전시기간 내내 1층 태평양홀 입구에 전시되고 있다.  - 기 간 : 2008. 11. 26(목)~11. 29(토) (4일간)  - 장 소 : COEX 1층(인도양홀 출구)  - 운 영 : COEX, 한국농기계공업협동조합  ▷ 상설이벤트관 운영   COEX 1층에 있는 인도양홀 이벤트관에서는 참관객들에게 볼거리를 제공하고 직접함여 할 수 있는 이벤트를 기획, ‘새참페스티벌’을 진행하고 있다. 전통문화와 현대놀이문화를 퓨전화한 새참페스티벌은 전통 먹거리를 참관객의 흥미유발을 위해 이벤트 소재로 활용, 참관만족도를 높인다.  - 기 간 : 2008. 11. 26(목)~11. 29(토) (4일간)  - 장 소 : COEX 1층 인도양홀  - 운 영 : COEX ']"
50,쌀 수급 동향과 정책 과제,http://www.aflnews.co.kr/news/articleView.html?idxno=60873,2016.10.20,"['\n수협은행이 국내외 금융시장 불안 등으로 인해 일시적 유동성 부족을 겪고 있는 중소기업 지원을 위해 ‘중소기업 유동성 지원반’을 본격 가동한다. 여신, 신용평가 등 관련 내부 전문가 10명으로 구성된 ‘중소기업 유동성 지원반’은 단기 유동성에 어려움을 겪고 있는 거래 중소기업 중 회생 가능 기업을 선발해 ‘중소기업 신속지원 프로그램(Fast-Trak 프로그램)’을 적용, 지원할 예정이다. ‘중소기업 신속지원 프로그램 (Fast-Trak Program)’은 개별기업이 유동성 지원반이나 영업점에 자금 지원을 신청하면 신용위험평가를 거친 후 등급별로 지원받을 수 있는 시스템이다. 장병구 수협중앙회 신용대표이사는 “금융시장 불안, 환율·원자재·유가의 변동폭 확대, 소비 침체 등으로 유동성 위기를 겪는 중소기업들이 많다”며 “‘중소기업 유동성 지원반’을 구성해 자금지원과 여신 만기연장을 지원하는 등 적극적인 지원방안 마련”을 당부했다. 수협은행 관계자는 “‘중소기업 유동성 지원반’ 설치로 향후 단기 유동성에 직면해 경영상 어려움을 겪고 있는 중소기업 경영 정상화에 많은 도움이 될 것으로 기대하고 있다”고 말했다.    ']"
51,[FOOD & STORY] 식물성 재료로 만드는 고기,http://www.aflnews.co.kr/news/articleView.html?idxno=60553,2016.09.27,"['\r\n\t\t\r\n\t\t\t농촌진흥청이 지난달 대대적인 조직개편에 이어 ‘농업R&D·보급선진화 방안’을 내놓는 등 변신에 몸부림을 치고 있다. ‘기관중심’에서 ‘아젠다(과제)중심’으로 연구체계를 개편하는 동시에 기술보급도 지역별 주력품목을 특성화할 수 있도록 선택과 집중식으로 재편하고, 연구개발 영역도 IT(정보통신기술)·BT(생명공학기술)·NT(나노기술) 등 첨단기술과 융복합하는 신소재·생명산업으로까지 확대키로 한 게 ‘농업R&D·보급선진화 방안’의 핵심내용이다. 또 조직은 본청이 기존 2관 2국 18과에서 1관 3국 19과 2팀으로 조정돼 1과 2팀이 늘어난 반면 산하 연구기관은 종전  9개 기관에서 대기능별로 통·폐합돼 5개 기관으로 줄였다. 이른바 산하 연구기관을 대대적으로 통폐합하고, 연구체계를 기능중심으로 개편하면서 연구영역을 확대한 게 특징이고 핵심이다. 농촌진흥청의 이 같은 노력이 자발적이 아니라 지난 1월 대통령직 인수위원회의 폐지라는 극한 처방을 받은 후 살아남기 위한 몸부림이라는 점에서 아쉬움이 없지 않지만, 이미 많은 변신을 했고 앞으로도 더 큰 변화를 약속하고 있어 관심을 갖고 지켜보게 한다.  농촌진흥청이 존재하는 이유는 간단하다. 농업기술의 개발 및 보급이다. 지난 1월 대통령직 인수위원회가 농촌진흥청의 폐지 및 산하 연구기관의 정부출연 연구기관화 방침을 밝혔을 때 농업인들이 두 팔을 걷고 반대에 나선 이유도 바로 여기에 있었다. 농촌진흥청 산하 연구기관들이 정부출연 연구기관으로 전환되면 농업인에게, 농업현장에서 실제로 필요한 기술개발에 차질이 생기지 않을까하는 우려 때문이었다. 농촌진흥청은 이 같은 농업인의 기대에 적극 부응해야 한다.  하지만 조직개편 내용은 기대와 함께 아쉬움 또한 지울 수 없게 한다. 나름대로 사정은 있겠지만 본청 조직은 오히려 늘리고, 산하 연구기관은 축소해 농업인과 농업현장에서 필요로 하는 연구개발 기능이 축소되지 않을까 하는 우려를 지울 수 없게 하는 것이다. 농촌진흥청이 ‘농업R&D·보급선진화 방안’을 통해 내놓은 과제중심으로 연구체계 개편은 연구의 효율성 제고와 함께 이 같은 우려를 불식시키려는 의도가 담겨지지 않았을까 하는 추측을 해보지만 아직 ‘잘된 조직개편’이라고 판단을 하긴 이르다. 연구기능이 활성화되고, 농업·농촌현장에서 필요로 하는 연구 성과가 쏟아져 나와 농업인들로부터 호평을 받게 될 때 농촌진흥청은 존재의 이유가 있고, 조직개편 결과 역시 잘 됐다는 평가를 받을 수 있는 것이다.   농촌진흥청은 농업·농촌현장과 농업인이 필요로 하는 연구 성과를 통해 외부의 이 같은 우려를 불식시켜야 한다. 이를 위해 농촌진흥청은 먼저 산하 연구기관이 조그만 흔들림도 없이 연구능력을 배가하고 활성화시킬 수 있도록 조직원의 사기진작 방안을 강구해야 한다. 공적 조직이든, 민간 조직이든 어느 조직이나 예외 없이 조직 구성원은 사기를 먹고 산다. 농촌진흥청 조직개편에 따른 우려는 산하 연구기관 조직원의 사기 저하이다. 기우이길 바라지만. 연구는 연구기관과 그 구성원의 사기가 충만하고 열정이 타오를 때 만족할만한 결과가 나온다는 점을 잊어서는 안 된다.   기존 기관중심에서 과제중심으로 개편된 새로운 연구체계의 조기정착 역시 시급한 과제이다. 과제중심의 연구체계가 기관중심의 연구체계보다 효율적일 수 있다. 다만, 여기에는 시스템이 완전 정착됐다는 전제가 뒤따른다. 기관 중심의 연구체계는 기관장을 정점으로 하는 연구조정체계가 확실하다. 하지만 과제중심 연구체제는 연구조정체계에 혼선이 빚어질 수 있는 단점도 갖고 있다. 특히 제도 도입 초기는 더더욱 그렇다. 예상되는 이 같은 문제점을 해결하지 못한다면 과제중심 연구체계는 소기의 성과를 거두기 어려운 것이다. 과제중심 연구체계의 조기 정착이 이번 농촌진흥청의 연구체계 개편의 성패를 좌우하는 가늠자가 될 것이다. ']"
52,"국회의원 37명 “식용유, 간장에도 GMO 표시해야”",http://www.aflnews.co.kr/news/articleView.html?idxno=59427,2016.06.20,"['\r\n\t\t\r\n\t\t\t제주시농협(조합장 문시병)은 지난달 28일 전직 조합장, 임원, 관내 대의원 및 협동조직장 등 100여명이 참석한 가운데 하나로클럽 오라점 매장 확장 리모델링을 마치고 새롭게 개점했다. 이날 개점을 기념해 방문고객에 대한 기념품 증정과 다양한 할인이벤트행사를 가졌다. ']"
53,곤충ㆍ배양육ㆍ조류 미래 먹거리로 떠오른다,http://www.aflnews.co.kr/news/articleView.html?idxno=57218,2015.11.27,"['\r\n\t\t\r\n\t\t\t김해축협은 지난 2일 치려진 조합장 선거에서 문유상 현 조합장이 재선에 성공했다.  이날 실시된 조합장 선거에는 조합장 선거에는 문유상 현 조합장과 김봉룡 전이사, 김 종석 전이사가 후보로 나와 1305명 조합원 중 1184명이 투표에 참가해 문유상 후보 496표, 김종석후보 461표, 김봉룡후보 223표를 얻었다.\t\t']"
54,"“미래 식품시장, 패키징ㆍ인구 노령화에 초점둬야”",http://www.aflnews.co.kr/news/articleView.html?idxno=52909,2014.11.17,"['\n사료의 안전성 강화를 위해 테트라싸이클린 계열 항생제 등 7종의 동물용의약품 사용을 금지하는 것과 관련 업계 반발이 이어지고 있다.지난 5일 서울대 호암교수회관에서 열린 한국수의정책포럼에서 축산분야에서의 항생제내성 국내외현황 및 동물약품 유통체계에 관한 주제포럼에서 이 문제가 제기되면서 동물약품업계와 정부간의 첨예한 입장차를 보였다.이각모 (주)동방 대표이사는 “금지품목으로 지정된 7종은 수의사처방제도가 있기 때문에 미국에서는 사용되고 있는 것”이라며 “우리의 경우 수의사처방제도 도입보다 행정적으로 쉬운 금지품목을 늘이는 것에 먼저 손대는 것 아니냐”며 강하게 반발했다.그는 이어 “수의사처방제도가 확립돼 있는 네덜란드의 경우에도 동물약품의 사료첨가를 제재하자 농장직접사용량이 늘어나는 사례가 있었던 만큼 부작용을 고려하지 않은 이번 금지조치는 제고돼야 한다”고 강조했다.이문한 서울대 교수(한국수의정책포럼 상임대표)는 이에 대해 “WTO 등에서 사료에 항생제 첨가를 금지하는 것은 수의사처방제도가 확립돼 있다는 전제조건을 염두에 둔 것”이라며 “우리나라의 축산환경에는 사료내 사용을 금지하면 오히려 직접판매량이 늘어나 항생제의 오남용을 더 부추겨 내성 양상을 양산하는 꼴”이라고 지적했다.농림부측은 우리나라의 배합사료 제조시 혼합 가능한 동물약품 종류는 외국에 비해서 허용품목과 사용량이 많은 만큼 금지 품목을 늘리는게 불가피한 상황이라고 설명했다.농림부 가축방역과 담당자는 “부처별, 시도, 협회 등 유관기관의 협조로 휴약기간준수를 위한 캠페인을 펼치는 한편 실태조사를 통해 이를 어기는 농가를 약사법으로 처벌해 사용량을 줄일 계획”이라며 “수의사처방제는 그 필요성을 인정해 계속적으로 유관기관과 검토하고 있으며 업계와 농가에게 환영받는 제도로 확립시키기 위해 조율하는 과정”이라고 설명했다. ']"
55,사업보고서로 본 식품산업 동향③ 농심,http://www.aflnews.co.kr/news/articleView.html?idxno=50454,2014.04.29,"['\r\n\t\t\r\n\t\t\t농업인의 땀과 정성으로 가꾼 유기농축산물 생산 유통업체인 학사농장(대표이사 강용)은 지난 2일 광주공역시 상무지구 학사농장 유기타운에서 ‘62day(유기농산물데이) 한마당’큰잔치를 가졌다. 이번 행사는 학사농장이 1년에 하루만이라도 유기농산축산물을 배탈나게 먹어봅시다’란 이벤트로 소비자들을 초청해 유기농업을 널리 홍보하기 위해서다.  특히 올해는 도시민들의 참여를 늘리고자  이곳에서 열였으며 이날 학사농장의 유기농가 농민들이 참여해 직접 재배과정에 대해 설명하며 직접 판매도 하는 ‘유기농산물 직거래 장터’, 유기축산물 숯불구이, 우리밀 부침개, 유기농식품 시식전 등 다양한 ‘먹거리 장터’ 및 가족과 함께 하는 참여할 수 있는 사과껍질 길게 깎기, 친환경재료로 우리가족 얼굴그리기, 유기농행복담기 등 푸짐한 선물과 함께 놀이마당도 이뤄졌다.  또 평소 소비자들이 유기농산물에 대해 궁금한 점을 생산자에게 직접 들어보는 ‘유기농산물 바로 알기 행사와 ‘천적을 이용한 친환경 농법’‘친환경 농자재’,우리농산물과 수입농산물의 비교’ 등을 탤런트 「장정희」씨와 함께 어린이들과 온가족이 함께 할 수 있는 다양한 이벤트로 전개됐다.   62day(유기데이)는 유기농산물 생산자와 소비자가 함께 모여 유기농산물 소비를 촉진하기 위한 일환으로 지난 2001년부터 시작됐으며, 매년 참여하는 소비자 수가 증가되고 있는 추세며 2일 당일에 3,000여명이 방문하는 등 소비지에서 열리는 전국 유일의 축제로 자리매김하고 있다.  강용 학사농장 사장은 “유기농산물에 대한 중요성이 강조되고 있고, 소비자들도 많이 참여하고 있지만, 신뢰가 뒷받침 되어야 유기농업 활성화된다는 취지로 이 행사를 마련했다” 며“ 소비자와 생산자가 함께하는 한마당 행사를 통해 유기농업은 물론 지역농업의 발전에도 기여하는 계기가 됐으면 한다”고 말했다. ']"
56,식료품ㆍ음료 제조업체 쌀 소비량 57만톤…전년비 11.6% 감소,http://www.aflnews.co.kr/news/articleView.html?idxno=43565,2013.01.31,"['\r\n\t\t\r\n\t\t\t국립수의과학검역원은 ‘미국산 쇠고기 수입위생조건’에 따라 미국 수출작업장에 대한 현지점검을 오는 6일부터 21일까지 16일간 실시한다고 4일 밝혔다.  이번 수출작업장 점검에는 국내 8명의 검역관이 미국측이 요청한 37개 작업장(당초 36개소에서 1개소 추가)에 대해 4개 지역으로 나눠 미리 준비한 체크리스트에 따라 실시하게 된다.  현지 점검단은 한국 수출을 희망하는 작업장이 SSOP(위생관리기준), HACCP(위해요소중점관리기준), 작업장 및 종업원 위생관리, BSE관련사항 등 위생안전시스템이 제대로 작동되는지를 확인할 계획이다.  작업장 승인여부는 현지 점검단의 점검 결과에 따라 귀국후 결정하게 된다. ']"
57,2011년도 1인당 쌀 소비량 71.2㎏…전년비 1.6㎏ 감소,http://www.aflnews.co.kr/news/articleView.html?idxno=36671,2012.01.31,"['\r\n\t\t\r\n\t\t\t정부가 도매시장 평가를 통해 시장도매인제 도입여건이 마련된 도매시장에 대해서 개설자에게 도입을 권고하는 방안이 논의되고 있다.  농안법개정실무자협의회는 지난 19일 서울 양재동 화훼공판장 회의실에서 3차회의를 열고 시장도매인 도입 의무화, 경매사 자격취소 근거 마련, 도매시장법인 또는 중도매인간 인수·합병 허용 등 3가지 쟁점사안에 대해 논의했다.  이날 회의에서 중도매인측은 지방도매시장의 경우 시장도매인제에 대한 도입절차나 기준이 없고 도입 이후의 실패에 대한 부담감으로 도입에 소극적인 태도를 보이고 있어 농안법에 제도도입 기준을 명시해 일정요건 충족시 도입을 의무화해 줄 것을 건의했다.  중도매인측은 도입 기준으로 상장예외품목 취급 중도매인 전체가 요구하는 경우, 개별 블록 전체 중도매인이 신청한 경우, 경매제 미정착 도매시장 등을 꼽았다.  이에 대해 농수산물유통공사와 농협중앙회, 도매시장법인측은 개설자 검토 없이 시장별 여건이 상이한 상황에서 농안법에 의무조항으로 명시해 획일적으로 시행해서는 안된다고 반박했다.  결국 시장도매인제의 필요성은 공감하는 반면 강제적인 시행은 안된다는 견해가 많은 만큼 도매시장 평가결과에 따라 농림부가 도입이 필요하다고 판단시 개설자에게 권고 하기로 하고 이를 농안법개정추진위에 올리기로 했다.  이밖에 경매사에 대한 자격 취소 조항을 마련하되 자격증 양도·대여, 경매사 자격 부정 취득, 실형선고시, 뇌물수수·요구 및 알선 행위시 등 구체적인 취소조항은 시행령이나 시행규칙에 포함키로 했다.  또한 도매시장법인의 인수·합병은 규모화·전문화를 위해 허용하나 중도매인간 인수·합병은 불허하되 5년 이상 종사, 친족 등 제한적으로 중도매인 지위를 승계할 수 있는 방안을 강구키로 했다.\t\t']"
58,"호주, 식품 과민증 소비자용 제품 성장",http://www.aflnews.co.kr/news/articleView.html?idxno=29839,2010.09.06,"['\n식물조직배양의 필수품인 배지분주기가 개발돼 농가에 보급된다.농촌진흥청 농업공학연구소는 최근 화훼류의 묘 생산공정 중 배양용기에 배지를 넣는 작업을 생력화할 수 있는 `배지 분주기’를 개발했다고 밝혔다.이번 실용화에 성공한 배지 분주기는 배지를 이송시키는 펌프와 배지를 원하는 양만큼 이송시킬 수 있도록 조절하는 전자밸브 제어부, 배지를 배양용기에 넣은 노즐 등으로 구성됐다.배지의 분주량은 사용자가 배양여건에 맞게 전자밸브의 구동시간을 입력시켜 조절할 수 있어 배지의 특성 및 배양조건 등에 차이가 있는 어느 배양시설에서도 사용이 가능하다.시험결과 배지의 분주량에서는 기존 인력작업시 기준량의 ±25%정도 차이가 있었으나 배지 분주기는 기준량의 ±1.3%정도만 차이가 있었으며, 분주성능도 배양용기 500개에 배지의 분주량을 160ml씩 분주하는데 0.5시간이 소요돼 인력작업에 비해 77% 정도 노력을 절감할 수 있다.농업공학연구소는 지난해 신안정밀에서 기술이전 받아 그동안 시제품에 대한 검증을 거쳐 이달부터 시판하고 있으며, 가격은 대당 150만원이다. ']"
59,콩단백질 사용 ‘휘핑 베이스’ 출시,http://www.aflnews.co.kr/news/articleView.html?idxno=27342,2010.02.26,"['\n  농협대구지역본부(본부장 전홍기)는 대학생을 위한 학자금대출을 2월부터 집중적으로 취급하고 있다.   일부 시중은행들이 교육부 금리인하와 연체증가 등을 이유로 학자금대출을 중단하고 있는 가운데 농협에서는 장기 미래고객 확보와 학비마련이 어려운 학생들에 대한 지원에 적극 나서고 있는 것이다.  전문대 이상 학생으로 학교장추천을 받은 학생에 대해 지원하는 이 학자금은 대출금리 연 4% 로 등록금 범위내에서 단기적으로는 2년이내 매월 원금균등상환, 장기적으로는 졸업후 7년이내에서 재학기간동안에는 매월 이자만 납입하고 졸업후에 원금균등상환조건으로 지원한다.   또한 학비마련이 어려운 이공계 학생의 경우 무이자 대출을 시행하며 지역농협에서는 농업인자녀 학자금대출을 취급하고 있다.\t\t']"
60,식품산업 2020년까지 매출 260조원 규모 육성,http://www.aflnews.co.kr/news/articleView.html?idxno=27303,2010.02.24,"['\r\n\t\t\r\n\t\t\t옥수수, 대두박 등 배합사료원료값이 해상운임비 폭등과 수급불안이 겹치면서 천정부지로 치솟고 있어 또 한차례 배합사료값 인상이 불가피할 전망이다.  5일 현재 국제 사료곡물의 C&F값은 톤당 옥수수 190달러, 대두 379.3달러, 대두박 350.8달러로 지난해 12월 평균 165.9달러, 351.3달러, 326.2달러에 비해 각각 14.5%, 8%, 7.5%나 올랐다.  이는 국제사료곡물 수급불안과 함께 지난해 4분기 부터 표면화된 국제 해상운임비 폭등이 올해들어 더욱 심화된데 따른 것으로 분석된다.  실제로 예년 평균 톤당 25~30달러였던 해상운임비가 지난해 12월 50~55달러로 올랐으며 최근에 와서는 80달러까지 뛰였다.   더욱이 이 가격에도 곡물을 실어나를 배가 없어 해상운임비 폭등세가 언제까지 이어질지 예측하기 조차 어려워 국내 배합사료원료값 상승세가 언제쯤 멈출지도 알 수 없는 상황이라는 게 관련업계의 지적이다.  김철기 한국사료협회 주원료구매위원장(제일사료 이사)는 이에 대해 “해상운임비 상승이 올들어 계속돼 조만간 100달러에 이를 전망”이라고 말했다.  이에 따라 배합사료업체들은 자체 원가절감 방안 모색과 함께 1달러라도 싼 곡물을 찾는데 총력을 기울이고 있다.  실제로 지난 5, 6일 배합사료업체들은 최근 몇년간 전혀 구매 실적이 없었던 태국산과 인도산 옥수수 15만여톤을 구매한 것으로 알려지고 있다.  김철기 위원장은 “상대적으로 가격이 싼 대체원료를 찾는 과정에서 태국산과 인도산 옥수수가 국제시장에 나와 사기는 했지만 이것은 어디까지나 한시적일 뿐”이라며 “근본적인 국제사료원료값 폭등은 올해 계속될 것”이라고 전망했다.  배합사료 업계는 “그러나 자체원가절감 노력에도 한계가 있다”며 “결국 배합사료산업 구조상 가격인상뿐인데 그것도 국내 축산여건이 워낙악화돼 있어 어떻해야 할지 난감할 뿐 이다”고 토로했다.  단미사료 업계 관계자도 “배합사료업체들에 원료를 납품하는 국내 단미보조사료업체들은 고사직전에 있는 등 연관산업으로의 파장도 심각하다”고 밝혔다.  한편 농림부는 이와 관련 해마다 지원되는 사료원료구매자금(2004년 296억원)의 금리를 현행 5.5%에 3%로 인하하는 방안을 관련부처와 협의하고 있는 것으로 알려지고 있다.  ']"
61,쌀 소비량 감소 지속…1인당 연간 74㎏,http://www.aflnews.co.kr/news/articleView.html?idxno=26993,2010.01.28,"['\n  “오늘날 경영환경은 예측불가하고, 대량생산시대가 퇴조되고 있으며,  품질과 서비스에 대한 욕구가 그 어느때 보다 높아져 이러한 상황을 돌파하기 위한 업체들의 극단적인 경쟁이 불가피한 실정입니다”  김재술 조합장은 이러한 열악한 환경에도 불구하고 우유 1인당 소비량이 한계에 직면한 낙농의 미래를 위해 서울우유는 제역할을 다해야 한다고 밝혔다.   김재술 조합장이 밝히고 있는 올 사업의 기본 구조를 일문일답식으로 정리했다.   -조합의 조직틀은 어떻게 구성되는지.  “소비의 한계를 돌파하기 위해서는 새로운 시장 창출이 시급하다. 앞으로 품질 지상주의·고객제일주의를 지향하는 기업만이 살아남는 수순은 필연적이므로 계층단순화를 포함한 수평적 조직구조를 실현함으로써 변화하는 외부적 요인에 신속·탄력적으로 대응할 것이다.”  -어떤 대책으로 위기를 타개할 생각인가.  “협동조합의 입장에서 시장경쟁부문을 독립생존시키고, 원유생산중심에서 소비시장중심으로, 시장편승시대에서 시장창조의 시대로 기존의 모든 인식과 경영형태를 혁신적으로 뜯어 고칠 생각이다. 경직된 조직운영을 유연한 경영으로, 수세 방어적 전략에서 공세 공격적 전략으로 전환해 위기에 적극적으로 대응해 갈 계획이다.”  -올 역점사업에 대해 설명해 달라.  “조합원의 안정적인 낙농기반유지가 최우선이다. 왜냐하면 한국 낙농가의 1/3을 차지하면서 선도적 역할을 수행하고 있기 때문이다. 이를 위해 첨단 생명공학기술 연구기반을 확충하고 실제 목장에의 실용화를 촉진하면서 최고의 경쟁력을 갖춘 유질을 달성해 나갈 계획이다.”  -조합원들에게 올해의 각오 한마디를.  “지난해 조합과 조합원이 숙의를 거듭해 합의한 원유수급안정제도를 점진적으로 발전시켜 나갈 것이다. 지도사업은 독자성 보장을 위한 사업전개 전단계로 독립회계의 기틀을 마련하고, 물류혁명을 기해 목장에서 공장, 대리점에 이르는 기간망의 획기적인 변혁으로 제품의 시장력 강화와 손익개혁이 이뤄질 수 있도록 최선을 다할 생각이다. 일방통행식 광고를 지양하고 고객의 감동을 통한 매출증대가 추진되는 서비스를 전개할 계획이다. 중역의 현장전진배치를 통해 전직원의 영업화를 추진해 나간다.  또 유통 종사원들을 위해서 획기적인 신제품을 개발하는 한편 유통형태별 차별화된 마케팅으로 역량을 강화하고, 시장 지향적 영업지원과 고객만족 시스템을 구축하는 등 선택과 집중전략에 의한 경쟁효율성 증대에 최선을 다할 것이다.”  ']"
62,1인당 연간 쌀 소비량 해마다 줄어,http://www.aflnews.co.kr/news/articleView.html?idxno=21966,2009.01.29,"['\r\n\t\t\r\n\t\t\t대한양돈협회가 양돈관련 수입업체들에게 돼지고기 수입중단 및 자제를 요청한데 대해 업체들의 참여가 극히 부진, 돼지고기 수입업체들에게 국내 양돈산업의 어려움은 남의 일인 것으로 나타났다.양돈협회는 지난달 24일 CJ푸드시스템, 대한제당, 한국냉장, 대상농장, 농협무역, 롯데상사, 롯데햄·우유, 진주햄, 아이델리 등 국내 양돈관련 9개 육류수입업체에 돼지고기 수입을 중단해 줄 것을 요청한 바 있다. 그러나 이들 업체 가운데 돼지고기 수입을 중단 및 자제하겠다는 회신을 보내온 업체는 CJ푸드시스템과 대한제당에 불과해 업체들의 관심과 참여가 부족한 것으로 나타났다.CJ푸드시스템과 대한제당은 회신을 통해 국내 양축농가들과 어려움을 함께 나누기 위해 이같은 결정을 하게 됐다고 밝히고 현재 사용중인 수입 돼지고기를 국내산으로 최대한 전환할 것과 돼지고기수입을 중단하겠다고 했다.김건태 양돈협회장은 “올 2월까지 수입된 돈육도 전년대비 11% 증가해 돼지콜레라로 어려움을 겪고 있는 양돈농가들의 고충이 더욱 가중되고 있다”며 “수입업체와 육가공업체들이 적체된 국내산 수출부위를 적극 활용해 국내 양돈산업 전체가 발전할 수 있도록 힘을 모아 달라”고 당부했다.   ']"
63,새정부 출범 6개월 농식품 정책 기본틀 마련,http://www.aflnews.co.kr/news/articleView.html?idxno=20032,2008.08.25,"['\r\n\t\t\r\n\t\t\t농촌진흥청은 그동안 육성해온 9개의 농촌전통테마마을을 소개하는 포탈사이트(http://www.go2vil.co.kr/)를 구축, 서비스에 들어갔다.  이 사이트는 농촌전통테마마을 홍보 및 사업추진 지원을 위한 종합 정보 웹으로 포털 및 전국 9개도에서 선정된 농촌전통테마마을에 대한 정보를 제공한다.  또 테마마을 개황 및 현황, 이용 및 운영요령 등을 비롯해 각 마을별 테마소개, 위치, 경관, 민박농가, 농산물, 향토음식, 장터운영 및 캐릭터 제공, 체험 프로그램, 갤러리, 사랑방, 동영상 등 지리적정보시스템(GIS)을 이용한 농촌생태문화정보, 3차원 마을체험관(경주 옥산세심마을) 등이 실려있다.  김화님 농촌진흥청 생활개선과장은 “이번에 개설한 홈페이지가 농업·농촌의 공익적 기능을 올바로 알리고 도시민의 바람직한 여가 문화를 정착시키는데 기여할 수 있기를 바란다”고 밝혔다. ']"
64,[신설법인 현황] 4월 5~11일,http://www.aflnews.co.kr/news/articleView.html?idxno=13181,2007.04.16,"[""\n  양주축협(조합장 윤기섭)은 지난달 30일 조합 대회의실에서 조합임원, 대의원등이 참석한 가운데 임시총회를 갖고 축산인의 삶의 질 향상, 축산물 유통선진화 및 물류혁신 지속, 조합원 지원확대 기반 구축 및 건전경영 실현, 지역경제 발전 선도적 역할 수행 등을 2002년도 경영방향으로 설정했다.  이날 총회에서는 내년도에 신용사업 655억9500만원, 경제사업 654억3300만원, 공제사업 39억3400만원등 총 1349억6200만원의 사업계획 및 수지예산안을 심의 의결했다.  윤기섭 조합장은 이날 “갈수록 어려워지는 축산현실을 극복하기 위해 내년도 사업계획은 `조합원 실익증대''라는 커다란 목표아래 편성했다”고 밝히고 “조합발전을 위해서는 조합임직원 및 조합원들의 화합을 바탕으로 신뢰받는 조합경영을 위해 총력을 경주하겠다”고 말했다. ""]"
65,"중국 과학자들 ""우주식품으론 누에가 최고""",http://www.aflnews.co.kr/news/articleView.html?idxno=9324,2006.07.18,"['\n""“국가경제가 어려운 상황에 놓여있는 것만큼 수산업 또한 해결해야 할 과제들이 산적해 있습니다. 그동안의 수산현장에서 쌓은 경험을 바탕으로 하나하나 풀어나갈 계획입니다.”  지난달 20일 대형선망수협 14대 조합장으로 취임한 조효식씨는 인접국간 어업협정에 따라 어장이 좁아지고 해황변동과 타업종의 무분별한 침해 등으로 어업여건이 갈수록 악화되고 있다면서 이런 문제해결에 적극 나서겠다고 밝혔다.  조효식조합장의 지적처럼 선망업계는 업종의 어구 임의개량에 의해 주요 어획대상어종인 고등어와 전갱이를 빼앗긴지 오래다.  삼치는 타업종에서 무려 70% 이상을 점령, 선망업계는 23% 수준의 어획에 머물고 있는 실정이다.  조 조합장은 따라서 불법어업근절과 제도개선, 총허용어획량(TAC)제도 개선, 소득표준율 인하와 부가가치세 영세율적용, 선망어업에 필요한 기자재 공동구매, 업계 경영합리화를 위한 수시 간담회 등을 통해 문제점들을 개선해 나갈 방침이다.  특히 조합장 임기를 단임제로 하고 조합원들의 애로사항을 찾아나서 해결해주는 역할에도 충실하겠다는 생각이다.  인력관리에도 철저히 나설 방침이다.  조 조합장은 “직원들이 어민들을 위한 봉사정신을 바탕으로 업무를 처리하고 연구노력하는 풍토조성에 힘쓰겠다”면서 “나무는 밑에서부터 위로 성장하고 위로부터 아래로 죽는다”라고 조직관리 소신을 역설했다.  조 조합장은 한국해양대학 항해과를 졸업하고 중앙해난심판위원회, 고려화학공업사 회장, 우양수산 대표이사 등을 지냈다. 부산=제영술""\t\t']"
66,카자흐스탄 식품시장 동향,http://www.aflnews.co.kr/news/articleView.html?idxno=10063,2006.04.24,"['\r\n\t\t\r\n\t\t\t""충북대 농업과학기술연구소는 14일 본부 대강연실에서 `극동러시아(연해주) 농업개발의 비전과 전략"" 학술심포지엄을 개최했다.  이날 심포지엄에서는 연해주의 역사와 자원현황(이상덕 농진청 박사), 연해주 농업개발의 현황과 과제(이병화 국제농업개발원장), 연해주 농업개발의 비전과 전략(성진근 충북대교수) 주제발표와 토론이 있었다.청주=김진삼 jinsam@aflnews.co.kr""\t\t']"
67,쌀로 만든 유제품 대체식품 등장,http://www.aflnews.co.kr/news/articleView.html?idxno=8425,2005.11.07,"['\r\n\t\t\r\n\t\t\t""  가축지원방역지원본부(상임본부장 이우재)는 구제역 재발방지를 위해 방역본부와 8개 도본부에 각각 ""구제역 특별대책상황실""을 설치 운영하고 매일 방역상황을 점검하고 있다.  방역본부는 지난 15일부터 정부의 구제역 방역대책 추진과 발맞춰 4월까지 중점운영기?막?정하고 돌발사태에 대비 24시간 비상연락체계 운용에 착수했다.  방역본부는 이 기간동안 123개 시·군방역단의 방역요원이 예찰활동에 만전을 기하도록 하고, 경계상황, 의사환축  발생상황 등 단계별로 인력동원, 방역기자재 지원 및 행동요령 등의 계획을 수립해 유관기관과 유기적인 협조체제를 구축하고 있다.권 민 kmin@aflnews.co.kr""\t\t']"
68,해가온 유기농하우스 해가온 과당,http://www.aflnews.co.kr/news/articleView.html?idxno=2312,2005.08.10,"['\r\n\t\t\r\n\t\t\t""  ○···최근 김치수출증가에 따라 업체간에 일본바이어 유치경쟁이 치열해 지면서 급기야 신경전으로까지 번져.  지난 21일 한국농림수산식품수출입조합은 한국산 김치 수출확대를 위해 일본 우수바이어들의 두산식품공장 견학을 추진했으나 김치수출과 관련해 방송사들의 ＴＶ촬영 실시로 일정보다 시??오바되는 경우가 발생.  이에대해 두산식품과 김치 수출업계에서 수위를 다투고 있는 진미식품의 관계자는 『한국 김치홍보를 위한 자리가 개인업체 홍보자리로 변질되서야 되겠느냐』며 일침.  이를 전해들은 두신식품 관계자는 『예정에 없었던 취재일정으로 시??지체돼 미안하다』며 감정을 자제해 줄 것을 양해.  ""\t\t']"
69,"日, 고기능 냉동식품 개발 박차",http://www.aflnews.co.kr/news/articleView.html?idxno=9956,2005.07.04,"['\n""경인지역 축협은 생우수입과 구제역 재발방지에 적극 대처하고 축산기자재 공동구매 및 공동방역시스템 구축, 축산정보화 시스템 공동 구성으로 지역 축사업의 새로운 발전대안 마련에 최선을 다하기로 결의했다.경인지구 축협운영협의회(협의회장 우용식 수원축협장)는 11일 경기도 포천에서 이수용 농협경기지역본부장, 지역축협 조합장 등이 참석한 가운데 2001년도 제3차 협의회를 개최하고 2001년도 임금협약 및 단체협약 체결, 축산물 군납단가 등을 협의했다.이날 이수용본부장은 “90여년만의 혹독한 가뭄속에서도 현장에서 고생하는 조합장들의 노고에 감사드린다”고 말하고 “장마전 10여일 동안 총력 지원활동으로 가뭄극복에 만전을 기해 줄 것”을 당부했다.특히 협의회는 이날 “경인지역 사료공장은 협동조합간 협동을 통한 사업의 활성화와 권역별 축산업 경쟁력 제고를 위해 전조합의 관심과 참여로 전문화공장을 지향하고 상호 연계성 강화로 상생의 구조를 정립 할 것” 등 3개항을 결의했다.포천=맹금호""\t\t']"
70,일본 냉동식품의 생산 및 소비 동향,http://www.aflnews.co.kr/news/articleView.html?idxno=9955,2005.07.04,"['\r\n\t\t\r\n\t\t\t""농업기반공사 경기도지사(지사장 박영택)는 계속되는 가뭄으로 경기북부는 물론 중부이남 지역까지도 저수지가 고갈되는 사태가  계속되자 경인지역내 저수지 수위를 일제 점검하고 각종 대처 방안을 모색하고 있다.  특히 우리나라의 대표적 쌀 명산지로 유명한 여주군의 농업용수 주 급수원인 청미천의 고갈로 양수장 가동이 어렵게 되자 하천준설과 함께 충북 음성군에 위치하고 있는 동부전자(주)의 협조로 공업용수를 1일 4000톤씩 받아 여주군 일원 65ha 농경지에 전 직원이 철야로 농업용수로 공급하고 있다.  또 시흥시 소재 흥부저수지가 고갈돼 700ha 농경지의 벼가 타 들어가자 한국수자원공사에서 관리하고 있는 팔당댐으로부터 일일 1만톤씩의 용수를 공급받아 농업용수로 공급하고 있다.  한 관계자는 “현재 농업기반공사에서 관리하고 있는 지역은 100% 모내기를 완료하였으나, 앞으로는 시·군 일부지역의 모내기를 못한 곳과 모내기 후 뿌리 활착과 초기생육을 도모하는 급수관리에 만전을 다하겠다”고 밝혔다.""\t\t']"
71,"홍콩, 수입 쇠고기 시장 경쟁 심화",http://www.aflnews.co.kr/news/articleView.html?idxno=7781,2005.05.02,"['\r\n\t\t\r\n\t\t\t""농촌의 생활양식과 가족구성원 등을 고려해 설계된 농어촌주택 표준설계도 4종이 농어민에게 무료로 공급된다.  농업기반공사는 농촌에 맞는 새로운 형태의 주택개발로 농어민의 서비스를 제고시키기 위해 기존에 제공하고 있는 28종의 농어촌주택 표준설계도 이외에 4종을 새로 개발해 공급키로 했다고 밝혔다.  새로 개발된 표준설계도는 26평 2종과 29평 2종으로 경사지붕을 기본형으로, 평슬래브 지붕을 선택형으로 했다. 또 심야전력을 이용해 난방과 온수가 가능하며, 각 형마다 농촌생활에 맞게 특색있게 설계됐다. 박유신 yusinya@aflnews.co.kr""\t\t']"
72,"스위스.영국, 고지방 식품 비만세 도입 앞장",http://www.aflnews.co.kr/news/articleView.html?idxno=6929,2004.03.12,"['\n"" 인터넷 축산물 전자상거래업체인 (주)아이델리(대표이사 문병창)는 지난달 28일 경기도 용인에 물류센터 및 육가공공장 준공식을 가졌다.이에 따라 (주)아이델리는 온라인과 오프라인 통합으로 전국 2000여 회원사의 수요창출 능력과 해외 유명공급업체가 제공하는 질 좋은 육류을 안전하게 공급하게 될 것으로 기대된다.이날 준공식에는 김주호 전농림수산부장관을 비롯한 심상인 농림부축산물유통과장, 안덕수 축산물유통사업단사장, 김강식 육류수출입협회장, 김동곤 육가공협회부회장을 비롯한 축산물유통 관계자 200여명이 참석했다.문병창 대표이사는 인사말을 통해 “물류기지 건설과 함께 육가공공장을 완비해 개방화시대에 경쟁력있는 축산물 유통회사로 키워 나가겠다”고 제2의 도약을 선언했다.특히 문대표이사는 “축산물수입 완전개방을 맞는 내년에는 소비자로부터 신뢰받는 회사, 국제화시대에 걸맞는 회사로 거듭 태어나 2100억원의 매출액을 올려 국내 축산물 유통업계를 대표하는 회사로 거듭날 것”이라고 강조했다.개장된 물류센타 육가공공장은 총 4500여평으로, 아이델리는 향후 전국적인 물류, 배송시스템을 위한 전진기지로 확보할 수 있게 됐다.양정권yang@aflnews.co.kr"" ']"
73,"美 단체, `건강식 오도 KFC광고 제소",http://www.aflnews.co.kr/news/articleView.html?idxno=6425,2003.11.11,"['\r\n\t\t\r\n\t\t\t""  가축위생방역지원본부(상임본부장 이우재) 양주군방역단(단장 최동희)은 백석면 연곡 1리의 양돈·비육우·오리 등 20여농가와 결합, 연곡 1리 마을자위방역단을 전국에서 최초로 결성하고 월 2~4회 마을공동방역을 실시하기로 하는 등 마을방역단 개념을 본격적으로 실천하고 있다   이 마을방역단은 지난 18일 연막차량과 고압분무기를 이용, 살충 및 살균소독을 병행했으며, 25일에는 양주군 소독반의 지원을 받아서 살충, 살균소독, 구서작업 등 대대적인 공동방역을 실시했다.""\t\t']"
74,다농 네슬레 등 유명 분유회사 국제규약 위반 논란,http://www.aflnews.co.kr/news/articleView.html?idxno=5483,2003.01.18,"['\r\n\t\t\r\n\t\t\t""  대전광역시 동구 인동에 위치한 대한계란유통협회(이사장 박오범)는 계란수급 조절과 보관, 운송 및 신제품 개발 등을 통한 국내 계란유통을 선도할 목적으로 협동조합 창립을 추진하고 있어 주목된다.  대한계란유통협회에 따르면 지난 5일 경북 영주시 풍기호텔에서 박오범 추진위원장을 비롯한 56명의 계란상인들이 모여 협동조합추진을 위한 발기인대회를 갖고 추석후 9월중순경 가칭 대한계란유통업협동조합 창립총회를 개최할 예정이다.  대한계란유통협회는 협동조합을 설립하고 단순히 계란유통뿐 아니라 액란이나 파우더를 만들어 제과업소에 공급하는 등 수급조절 기능과 보관업, 운송업, 그리고 각종 계란을 이용한 신제품 개발등을 수행할 것이라고 밝혔다.  대한계란유통협회는 이를위해 현재 사업계획 및 정관등 협동조합 창립에 앞서 세부조항들을 만들고 있는 것으로 알려지고 있다.  김선희sunhee@aflnews.co.kr""\t\t']"
75,"일, 쇠고기와 대체식품간 가격차 심화",http://www.aflnews.co.kr/news/articleView.html?idxno=4736,2001.12.19,"['\r\n\t\t\r\n\t\t\t""  지난해부터 시작된 산란계 불황속에 올들어 계란값이 한때 개당 40원대까지 곤두박질치는 등 대폭락사태가 이어졌지만 조란, 난황, 난백 등의 수입은 오히려 증가된 것으로 나타났다.  무역협회에 따르면 4월까지 조란, 난황, 난백의 수입량은 670톤으로 지난해 같은 기간 650톤보다 3.1%인 20톤이 늘었다. 특히 난황의 수입량은 87톤으로 지난해 같은 기간 54톤보다 62%인 33톤이 증가됐다.  업계 관계자는 “생산과잉에다 소비까지 둔화돼 가뜩이나 계란값이 약세인데 수입까지 가세해 국내 산란계경기 회복에 발목을 잡고 있다”며 “국내 잉여계란을 수출은 못하더라도 최소한 수입물량을 국내산으로 대체하려는 노력은 시급하다”고 지적했다. ·김선희sunhee@aflnews.co.kr""\t\t']"
76,식품위생법시행규칙개정안 규제개혁위원회 의결 내용,http://www.aflnews.co.kr/news/articleView.html?idxno=10617,2001.07.18,"[""\r\n\t\t\r\n\t\t\t서울관악농협(조합장 박준식)은 24일부터 26일까지 음성군청 관내 어린이 24명을 초청, `우정 나누기 행사''를 실시한다.  이 행사는 1990년부터 시작, 올해로 12회째를 맞았으며, 음성군 무극초등학교 4학년 김혁규 어린이 등 25명을 초청, 관악농협 관내 영남초등학교 5학년 김진아 어린이 등 25명과 함께 어우러져 88올림픽 주경기장, 63빌딩, 롯데월드 등 도시문화체험을 실시한다.  또 서울어린이들은 다음달 6일부터 8일까지 음성군 고추연구소 선인장재배단지, 타조농장 등을 방문하는 한편 수박, 참외, 가지 등을 수확하는 농촌생활을 체험할 계획이다.  ""]"
77,"현대인들, 간편하고 영양많은 대체식품 애용",http://www.aflnews.co.kr/news/articleView.html?idxno=4296,2001.04.30,"['\r\n\t\t\r\n\t\t\t""  해양수산부는 올 9월부터 우리나라 항만에 관한 각종정보를 영어, 일어, 중국어, 러시어등 4개 외국어로 제공키로 했다.  이로써 앞으로 선박입출항정보, 항만시설현황등 항만관련 정보를 외국인들이 손쉽게 접할 수 있게됐다.         ""\t\t']"
78,"유전자변형 옥수수 ""무해론"" 논란",http://www.aflnews.co.kr/news/articleView.html?idxno=3839,2001.01.04,"['\r\n\t\t\r\n\t\t\t""  천하제일사료는 최근 경기도 포천농협에서 포천과 철원지역 낙농가 150여명이 참석한 가운데 「천만회(천하제일사료 1만kg달성 동우회)」를 결성했다.  천하제일사료에 따르면 천만회는 회원들의 낙농수준이 세계와의 경쟁속에서 최고가 될 수 있도록 경쟁우위 농장으로 육성하고 올바른 경영으로 수익의 배가 실현, 지역내 위상 확립과 회원??친목 도모를 목적으로 하고 있다.  천만회는 또 천하제일사료의 낙농기술을 바탕으로 농장 성적을 앞당기고 조사료 물류기지사업, 육성우 공동사업, 회원들의 종축개량사업, 낙농팩키지서비스사업 등을 통해 경쟁력을 갖춘 기술 낙농인으로 거듭난다는 계획이다.  최명회 회장(노곡목장 대표)은 『체계적인 낙농기술을 접목해 국내 최고의 농장이 될 수 있는 종합적인 사업을 회원들과 함께 추진해 나가겠다』며 『한국 낙농의 앞날이 불투명하지만 포천과 철원지역 낙농가가 앞장서 한국 낙농을 선도해 나가는데 최선을 다할 것』이라고 밝혔다.김진삼 jinsam@aflnews.co.kr""\t\t']"
79,"미연구진,""마늘 많이 먹으면 암 예방""",http://www.aflnews.co.kr/news/articleView.html?idxno=3676,2000.10.13,"['\n""   권민 지방팀 차장  「얻어 먹을 힘만 있어도 사랑을 실천할 수 있다」  충북 음성군에 위치한 「음성 꽃동네」를 설립한 오웅진신부가 병들어 자신의 몸도 돌볼 수 없음에도 불구하고 구걸로 다 쓰러져 가는 움막집에서 18명의 병든 걸인들을 보살피고 있는 최귀동할아버지의 모습을 보고 동시에 떠 오른 말이라고 한다.  최근 농협중앙회는 양계값의 하락으로 어려움을 겪고 있는 양계농가의 아픔을 덜어주고 사회의 어려운 이웃들을 돌보자는 차원에서 계란을 보내고, 제주도 감귤의 과잉생산으로 감귤값이 폭락하자 가격지지 차원에서 또 불우한 이웃에게 감귤보내기 운동을 전개하고 있다.  주변의 불우이웃을 돕고 있는 것은 비단 중앙회 뿐만이 아니다. 충북지역의 농협관련 신자들의 모임은 오래 전부터 자신들의 사비를 털어 「꽃동네」를 음으로 양으로 돕고 있다고 한다.각 지역 농협들의 선행도 심심치 않게 들려온다.  일선축협들의 불우이웃돕기 참여도 어제 오늘의 일은 아니다. 경기도 고양시 고양축협·파주시 파주축협은 관내 무의탁노인들과 자매결연을 맺거나 수시로 생활필수품이나 일종의 생활비를 제공하기도 하고, 정박아들이나 소년소녀가장들에게 하루 엄마되어주기 등 다양한 프로그램을 개발하여 적극적으로 불우한 이웃돕기에 참여하고 있다.  당초 협동조합은 경제적으로 약한 처지에 있는 사람들이 상호부조의 정신으로 만들어진 조직이며, 영리를 목적으로 하지 않고 조합원의 복리후생과 경제적 지위향상을 목적으로 조직되었다. 20세기에서의 협동조합은 분명 그랬다. 20세기 협동조합상은 분명 「자기조합원만의 제1주의」가 지상과제요, 올바른 조합상이었던 것이 사실이다.  IMF가 2000년에 접어들면서 끝나간다고들 말한다. 그러나 농촌지역에서는 본격적인 몸살의 시작이다. 대출해 갈 사람들도 없고 대출 받아야 할 사람들은 대출을 받지 못하고 있다. 줄줄이 빚 보증에 걸려있는 것은 말할 것도 없고 더 이상 빚을 낼 여력도 없는데다 수입개방을 눈앞에 두고 생업을 포기하는 농민들이 부지기수이다. 그러한 조합원, 농민들을, 농촌현실을 고스란히 떠 안고 있는 것이 협동조합이니 그럴 수도 있다.어디 다른 조합, 조합원이 아닌 농민 그리고 주위의 사정을 돌아볼 여유가 있을 것인가. 십분 이해가 가는 일이다.  그럼에도 불구하고 최근 협동조합이 농촌 곳곳의 불우한 이웃을 생각하고 그들을 돕기 위해 발벗고 나서는 것은 협동조합만이 저들의 고통을 알고, 부의 재분배에서 소외된 농민들을 대변할 수 있기 때문이다.  저명한 문화평론가들이나 사회경제학자들이 단언하 듯 「2000년은 힘이 지배하던 남성적인 사회에서 정서가 지배하는 여성적인 사회로의 전환점」이다.  협동조합은 조화의 상징이다. 내 조합 내 조합원만을 챙기는 소극적이고 지역 이기주의적인 발상에서 벗어나 공동체 의식 속에서 도전과 응전을 조화롭게 융화시키지 못하면 급변하는 시대적 상황에 적응하지 못할 뿐만 아니라 궁극적으로 붕괴를 자초하게 될 지도 모를 일이다.  새로운 새천년을 맞이하여 농협이 21세기 협동조합상 정립을 추구하면서 전개하고 있는 「상생(相生)운동」이 환영받는 이유는 「조합이익의 사회환원」이라는 「더불어 삶」을 실천하기 때문이며, 비도덕적 가치관과 갈수록 삭막해지는 기계적인 사회조류에 인간 본연의 삶을 접목하려는 시도이기 때문이다. ""\t\t']"
